Date,,Line(QBRL1MNDF=)
28-Mar-17,212,0.0212
27-Mar-17,219,0.0219
24-Mar-17,239,0.0239
23-Mar-17,236,0.0236
22-Mar-17,223,0.0223
21-Mar-17,227,0.0227
20-Mar-17,238,0.0238
17-Mar-17,250,0.025
16-Mar-17,260,0.026
15-Mar-17,240,0.024
14-Mar-17,259,0.0259
13-Mar-17,260,0.026
10-Mar-17,286,0.0286
09-Mar-17,291,0.0291
08-Mar-17,261,0.0261
07-Mar-17,267,0.0267
06-Mar-17,281,0.0281
03-Mar-17,283,0.0283
02-Mar-17,281,0.0281
01-Mar-17,240,0.024
28-Feb-17,239,0.0239
27-Feb-17,239,0.0239
24-Feb-17,251,0.0251
23-Feb-17,267,0.0267
22-Feb-17,268,0.0268
21-Feb-17,210,0.021
20-Feb-17,212,0.0212
17-Feb-17,215,0.0215
16-Feb-17,209,0.0209
15-Feb-17,214,0.0214
14-Feb-17,213,0.0213
13-Feb-17,223,0.0223
10-Feb-17,232,0.0232
09-Feb-17,232,0.0232
08-Feb-17,234,0.0234
07-Feb-17,230,0.023
06-Feb-17,227,0.0227
03-Feb-17,227,0.0227
02-Feb-17,225,0.0225
01-Feb-17,225,0.0225
31-Jan-17,226,0.0226
30-Jan-17,231,0.0231
27-Jan-17,236,0.0236
26-Jan-17,257,0.0257
25-Jan-17,270,0.027
24-Jan-17,278,0.0278
23-Jan-17,287,0.0287
20-Jan-17,306,0.0306
19-Jan-17,309,0.0309
18-Jan-17,298,0.0298
17-Jan-17,308,0.0308
16-Jan-17,330,0.033
13-Jan-17,328,0.0328
12-Jan-17,315,0.0315
11-Jan-17,285,0.0285
10-Jan-17,299,0.0299
09-Jan-17,311,0.0311
06-Jan-17,314,0.0314
05-Jan-17,307,0.0307
04-Jan-17,274,0.0274
03-Jan-17,297,0.0297
02-Jan-17,303,0.0303
30-Dec-16,319,0.0319
29-Dec-16,305,0.0305
28-Dec-16,263,0.0263
27-Dec-16,279,0.0279
26-Dec-16,304,0.0304
23-Dec-16,311,0.0311
22-Dec-16,316,0.0316
21-Dec-16,273,0.0273
20-Dec-16,258,0.0258
19-Dec-16,283,0.0283
16-Dec-16,303,0.0303
15-Dec-16,308,0.0308
14-Dec-16,297,0.0297
13-Dec-16,317,0.0317
12-Dec-16,316,0.0316
09-Dec-16,318,0.0318
08-Dec-16,312,0.0312
07-Dec-16,300,0.03
06-Dec-16,327,0.0327
05-Dec-16,345,0.0345
02-Dec-16,353,0.0353
01-Dec-16,341,0.0341
30-Nov-16,313,0.0313
29-Nov-16,331,0.0331
28-Nov-16,334,0.0334
25-Nov-16,335,0.0335
24-Nov-16,329,0.0329
23-Nov-16,328,0.0328
22-Nov-16,326,0.0326
21-Nov-16,336,0.0336
18-Nov-16,339,0.0339
17-Nov-16,340,0.034
16-Nov-16,330,0.033
14-Nov-16,346,0.0346
11-Nov-16,343,0.0343
10-Nov-16,338,0.0338
09-Nov-16,306,0.0306
08-Nov-16,303,0.0303
07-Nov-16,303,0.0303
04-Nov-16,307,0.0307
03-Nov-16,308,0.0308
01-Nov-16,292,0.0292
31-Oct-16,304,0.0304
28-Oct-16,283,0.0283
27-Oct-16,281,0.0281
26-Oct-16,259,0.0259
25-Oct-16,276,0.0276
24-Oct-16,287,0.0287
21-Oct-16,290,0.029
20-Oct-16,304,0.0304
19-Oct-16,241,0.0241
18-Oct-16,254,0.0254
17-Oct-16,274,0.0274
14-Oct-16,297,0.0297
13-Oct-16,286,0.0286
11-Oct-16,275,0.0275
10-Oct-16,294,0.0294
07-Oct-16,298,0.0298
06-Oct-16,316,0.0316
05-Oct-16,270,0.027
04-Oct-16,278,0.0278
03-Oct-16,290,0.029
30-Sep-16,288,0.0288
29-Sep-16,289,0.0289
28-Sep-16,253,0.0253
27-Sep-16,259,0.0259
26-Sep-16,271,0.0271
23-Sep-16,275,0.0275
22-Sep-16,277,0.0277
21-Sep-16,259,0.0259
20-Sep-16,282,0.0282
19-Sep-16,298,0.0298
16-Sep-16,323,0.0323
15-Sep-16,306,0.0306
14-Sep-16,285,0.0285
13-Sep-16,295,0.0295
12-Sep-16,293,0.0293
09-Sep-16,292,0.0292
08-Sep-16,304,0.0304
06-Sep-16,313,0.0313
05-Sep-16,328,0.0328
02-Sep-16,332,0.0332
01-Sep-16,307,0.0307
31-Aug-16,289,0.0289
30-Aug-16,307,0.0307
29-Aug-16,305,0.0305
26-Aug-16,324,0.0324
25-Aug-16,321,0.0321
24-Aug-16,290,0.029
23-Aug-16,312,0.0312
22-Aug-16,329,0.0329
19-Aug-16,327,0.0327
18-Aug-16,332,0.0332
17-Aug-16,297,0.0297
16-Aug-16,307,0.0307
15-Aug-16,320,0.032
12-Aug-16,318,0.0318
11-Aug-16,322,0.0322
10-Aug-16,288,0.0288
09-Aug-16,306,0.0306
08-Aug-16,326,0.0326
05-Aug-16,328,0.0328
04-Aug-16,336,0.0336
03-Aug-16,342,0.0342
02-Aug-16,359,0.0359
01-Aug-16,367,0.0367
29-Jul-16,344,0.0344
28-Jul-16,334,0.0334
27-Jul-16,342,0.0342
26-Jul-16,329,0.0329
25-Jul-16,342,0.0342
22-Jul-16,340,0.034
21-Jul-16,345,0.0345
20-Jul-16,320,0.032
19-Jul-16,328,0.0328
18-Jul-16,342,0.0342
15-Jul-16,337,0.0337
14-Jul-16,333,0.0333
13-Jul-16,310,0.031
12-Jul-16,333,0.0333
11-Jul-16,346,0.0346
08-Jul-16,347,0.0347
07-Jul-16,340,0.034
06-Jul-16,306,0.0306
05-Jul-16,325,0.0325
04-Jul-16,338,0.0338
01-Jul-16,337,0.0337
30-Jun-16,314,0.0314
29-Jun-16,270,0.027
28-Jun-16,257,0.0257
27-Jun-16,290,0.029
24-Jun-16,301,0.0301
23-Jun-16,294,0.0294
22-Jun-16,262,0.0262
21-Jun-16,274,0.0274
20-Jun-16,285,0.0285
17-Jun-16,297,0.0297
16-Jun-16,295,0.0295
15-Jun-16,267,0.0267
14-Jun-16,294,0.0294
13-Jun-16,301,0.0301
10-Jun-16,306,0.0306
09-Jun-16,306,0.0306
08-Jun-16,284,0.0284
07-Jun-16,307,0.0307
06-Jun-16,328,0.0328
03-Jun-16,336,0.0336
02-Jun-16,343,0.0343
01-Jun-16,348,0.0348
31-May-16,342,0.0342
30-May-16,321,0.0321
27-May-16,331,0.0331
25-May-16,333,0.0333
24-May-16,318,0.0318
23-May-16,335,0.0335
20-May-16,340,0.034
19-May-16,346,0.0346
18-May-16,314,0.0314
17-May-16,323,0.0323
16-May-16,343,0.0343
13-May-16,347,0.0347
12-May-16,360,0.036
11-May-16,309,0.0309
10-May-16,324,0.0324
09-May-16,343,0.0343
06-May-16,350,0.035
05-May-16,355,0.0355
04-May-16,323,0.0323
03-May-16,335,0.0335
02-May-16,344,0.0344
29-Apr-16,353,0.0353
28-Apr-16,344,0.0344
27-Apr-16,320,0.032
26-Apr-16,327,0.0327
25-Apr-16,320,0.032
22-Apr-16,342,0.0342
20-Apr-16,344,0.0344
19-Apr-16,328,0.0328
18-Apr-16,347,0.0347
15-Apr-16,349,0.0349
14-Apr-16,345,0.0345
13-Apr-16,327,0.0327
12-Apr-16,338,0.0338
11-Apr-16,333,0.0333
08-Apr-16,352,0.0352
07-Apr-16,363,0.0363
06-Apr-16,338,0.0338
05-Apr-16,341,0.0341
04-Apr-16,323,0.0323
01-Apr-16,315,0.0315
31-Mar-16,288,0.0288
30-Mar-16,235,0.0235
29-Mar-16,255,0.0255
28-Mar-16,278,0.0278
24-Mar-16,295,0.0295
23-Mar-16,289,0.0289
22-Mar-16,246,0.0246
21-Mar-16,276,0.0276
18-Mar-16,267,0.0267
17-Mar-16,301,0.0301
16-Mar-16,293,0.0293
15-Mar-16,315,0.0315
14-Mar-16,332,0.0332
11-Mar-16,321,0.0321
10-Mar-16,309,0.0309
09-Mar-16,277,0.0277
08-Mar-16,276,0.0276
07-Mar-16,303,0.0303
04-Mar-16,348,0.0348
03-Mar-16,346,0.0346
02-Mar-16,315,0.0315
01-Mar-16,326,0.0326
29-Feb-16,346,0.0346
26-Feb-16,353,0.0353
25-Feb-16,349,0.0349
24-Feb-16,351,0.0351
23-Feb-16,378,0.0378
22-Feb-16,386,0.0386
19-Feb-16,401,0.0401
18-Feb-16,402,0.0402
17-Feb-16,390,0.039
16-Feb-16,392,0.0392
15-Feb-16,385,0.0385
12-Feb-16,388,0.0388
11-Feb-16,375,0.0375
10-Feb-16,369,0.0369
05-Feb-16,377,0.0377
04-Feb-16,381,0.0381
03-Feb-16,340,0.034
02-Feb-16,343,0.0343
01-Feb-16,347,0.0347
29-Jan-16,350,0.035
28-Jan-16,336,0.0336
27-Jan-16,338,0.0338
26-Jan-16,360,0.036
22-Jan-16,385,0.0385
21-Jan-16,391,0.0391
20-Jan-16,347,0.0347
19-Jan-16,351,0.0351
18-Jan-16,378,0.0378
15-Jan-16,378,0.0378
14-Jan-16,381,0.0381
13-Jan-16,365,0.0365
12-Jan-16,380,0.038
11-Jan-16,408,0.0408
08-Jan-16,396,0.0396
07-Jan-16,415,0.0415
06-Jan-16,399,0.0399
05-Jan-16,443,0.0443
04-Jan-16,447,0.0447
31-Dec-15,436,0.0436
30-Dec-15,436,0.0436
29-Dec-15,368,0.0368
28-Dec-15,418,0.0418
25-Dec-15,452,0.0452
23-Dec-15,452,0.0452
22-Dec-15,415,0.0415
21-Dec-15,431,0.0431
18-Dec-15,417,0.0417
17-Dec-15,391,0.0391
16-Dec-15,374,0.0374
15-Dec-15,394,0.0394
14-Dec-15,411,0.0411
11-Dec-15,386,0.0386
10-Dec-15,371,0.0371
09-Dec-15,323,0.0323
08-Dec-15,364,0.0364
07-Dec-15,386,0.0386
04-Dec-15,390,0.039
03-Dec-15,400,0.04
02-Dec-15,360,0.036
01-Dec-15,357,0.0357
30-Nov-15,371,0.0371
27-Nov-15,363,0.0363
26-Nov-15,369,0.0369
25-Nov-15,371,0.0371
24-Nov-15,339,0.0339
23-Nov-15,375,0.0375
19-Nov-15,391,0.0391
18-Nov-15,374,0.0374
17-Nov-15,397,0.0397
16-Nov-15,396,0.0396
13-Nov-15,389,0.0389
12-Nov-15,395,0.0395
11-Nov-15,380,0.038
10-Nov-15,384,0.0384
09-Nov-15,389,0.0389
06-Nov-15,389,0.0389
05-Nov-15,384,0.0384
04-Nov-15,371,0.0371
03-Nov-15,396,0.0396
30-Oct-15,399,0.0399
29-Oct-15,384,0.0384
28-Oct-15,360,0.036
27-Oct-15,411,0.0411
26-Oct-15,435,0.0435
23-Oct-15,441,0.0441
22-Oct-15,474,0.0474
21-Oct-15,420,0.042
20-Oct-15,438,0.0438
19-Oct-15,454,0.0454
16-Oct-15,457,0.0457
15-Oct-15,445,0.0445
14-Oct-15,402,0.0402
13-Oct-15,417,0.0417
09-Oct-15,437,0.0437
08-Oct-15,439,0.0439
07-Oct-15,380,0.038
06-Oct-15,398,0.0398
05-Oct-15,437,0.0437
02-Oct-15,446,0.0446
01-Oct-15,456,0.0456
30-Sep-15,424,0.0424
29-Sep-15,470,0.047
28-Sep-15,456,0.0456
25-Sep-15,452,0.0452
24-Sep-15,416,0.0416
23-Sep-15,422,0.0422
22-Sep-15,423,0.0423
21-Sep-15,425,0.0425
18-Sep-15,412,0.0412
17-Sep-15,411,0.0411
16-Sep-15,389,0.0389
15-Sep-15,416,0.0416
14-Sep-15,419,0.0419
11-Sep-15,420,0.042
10-Sep-15,421,0.0421
09-Sep-15,409,0.0409
08-Sep-15,427,0.0427
04-Sep-15,415,0.0415
03-Sep-15,416,0.0416
02-Sep-15,378,0.0378
01-Sep-15,398,0.0398
31-Aug-15,386,0.0386
28-Aug-15,382,0.0382
27-Aug-15,376,0.0376
26-Aug-15,361,0.0361
25-Aug-15,380,0.038
24-Aug-15,392,0.0392
21-Aug-15,388,0.0388
20-Aug-15,390,0.039
19-Aug-15,351,0.0351
18-Aug-15,371,0.0371
17-Aug-15,384,0.0384
14-Aug-15,395,0.0395
13-Aug-15,396,0.0396
12-Aug-15,352,0.0352
11-Aug-15,371,0.0371
10-Aug-15,382,0.0382
07-Aug-15,386,0.0386
06-Aug-15,384,0.0384
05-Aug-15,357,0.0357
04-Aug-15,378,0.0378
03-Aug-15,399,0.0399
31-Jul-15,399,0.0399
30-Jul-15,377,0.0377
29-Jul-15,350,0.035
28-Jul-15,371,0.0371
27-Jul-15,391,0.0391
24-Jul-15,390,0.039
23-Jul-15,381,0.0381
22-Jul-15,341,0.0341
21-Jul-15,352,0.0352
20-Jul-15,370,0.037
17-Jul-15,368,0.0368
16-Jul-15,371,0.0371
15-Jul-15,334,0.0334
14-Jul-15,351,0.0351
13-Jul-15,369,0.0369
10-Jul-15,369,0.0369
08-Jul-15,342,0.0342
07-Jul-15,349,0.0349
06-Jul-15,345,0.0345
03-Jul-15,360,0.036
02-Jul-15,356,0.0356
01-Jul-15,331,0.0331
30-Jun-15,350,0.035
29-Jun-15,362,0.0362
26-Jun-15,361,0.0361
25-Jun-15,344,0.0344
24-Jun-15,327,0.0327
23-Jun-15,340,0.034
22-Jun-15,340,0.034
19-Jun-15,341,0.0341
18-Jun-15,342,0.0342
17-Jun-15,325,0.0325
16-Jun-15,341,0.0341
15-Jun-15,344,0.0344
12-Jun-15,347,0.0347
11-Jun-15,348,0.0348
10-Jun-15,329,0.0329
09-Jun-15,351,0.0351
08-Jun-15,354,0.0354
05-Jun-15,358,0.0358
03-Jun-15,358,0.0358
02-Jun-15,345,0.0345
01-Jun-15,348,0.0348
29-May-15,346,0.0346
28-May-15,337,0.0337
27-May-15,325,0.0325
26-May-15,320,0.032
25-May-15,331,0.0331
22-May-15,330,0.033
21-May-15,328,0.0328
20-May-15,299,0.0299
19-May-15,313,0.0313
18-May-15,330,0.033
15-May-15,330,0.033
14-May-15,327,0.0327
13-May-15,283,0.0283
12-May-15,310,0.031
11-May-15,327,0.0327
08-May-15,325,0.0325
07-May-15,332,0.0332
06-May-15,303,0.0303
05-May-15,322,0.0322
04-May-15,335,0.0335
30-Apr-15,331,0.0331
29-Apr-15,337,0.0337
28-Apr-15,283,0.0283
27-Apr-15,293,0.0293
24-Apr-15,296,0.0296
23-Apr-15,298,0.0298
22-Apr-15,299,0.0299
20-Apr-15,308,0.0308
17-Apr-15,299,0.0299
16-Apr-15,282,0.0282
15-Apr-15,270,0.027
14-Apr-15,284,0.0284
13-Apr-15,286,0.0286
10-Apr-15,279,0.0279
09-Apr-15,284,0.0284
08-Apr-15,267,0.0267
07-Apr-15,281,0.0281
06-Apr-15,275,0.0275
02-Apr-15,278,0.0278
01-Apr-15,282,0.0282
31-Mar-15,255,0.0255
30-Mar-15,265,0.0265
27-Mar-15,273,0.0273
26-Mar-15,281,0.0281
25-Mar-15,258,0.0258
24-Mar-15,267,0.0267
23-Mar-15,288,0.0288
20-Mar-15,293,0.0293
19-Mar-15,305,0.0305
18-Mar-15,283,0.0283
17-Mar-15,297,0.0297
16-Mar-15,311,0.0311
13-Mar-15,309,0.0309
12-Mar-15,301,0.0301
11-Mar-15,278,0.0278
10-Mar-15,291,0.0291
09-Mar-15,307,0.0307
06-Mar-15,310,0.031
05-Mar-15,306,0.0306
04-Mar-15,272,0.0272
03-Mar-15,271,0.0271
02-Mar-15,281,0.0281
27-Feb-15,294,0.0294
26-Feb-15,297,0.0297
25-Feb-15,280,0.028
24-Feb-15,252,0.0252
23-Feb-15,255,0.0255
20-Feb-15,259,0.0259
19-Feb-15,259,0.0259
18-Feb-15,256,0.0256
13-Feb-15,255,0.0255
12-Feb-15,255,0.0255
11-Feb-15,231,0.0231
10-Feb-15,228,0.0228
09-Feb-15,226,0.0226
06-Feb-15,224,0.0224
05-Feb-15,221,0.0221
04-Feb-15,219,0.0219
03-Feb-15,216,0.0216
02-Feb-15,213,0.0213
30-Jan-15,210,0.021
29-Jan-15,202,0.0202
28-Jan-15,193,0.0193
27-Jan-15,203,0.0203
26-Jan-15,217,0.0217
23-Jan-15,219,0.0219
22-Jan-15,226,0.0226
21-Jan-15,201,0.0201
20-Jan-15,210,0.021
19-Jan-15,223,0.0223
16-Jan-15,220,0.022
15-Jan-15,220,0.022
14-Jan-15,224,0.0224
13-Jan-15,241,0.0241
12-Jan-15,260,0.026
09-Jan-15,261,0.0261
08-Jan-15,256,0.0256
07-Jan-15,227,0.0227
06-Jan-15,236,0.0236
05-Jan-15,233,0.0233
02-Jan-15,240,0.024
31-Dec-14,223,0.0223
30-Dec-14,201,0.0201
29-Dec-14,196,0.0196
26-Dec-14,215,0.0215
25-Dec-14,210,0.021
24-Dec-14,210,0.021
23-Dec-14,206,0.0206
22-Dec-14,205,0.0205
19-Dec-14,207,0.0207
18-Dec-14,218,0.0218
17-Dec-14,210,0.021
16-Dec-14,235,0.0235
15-Dec-14,251,0.0251
12-Dec-14,245,0.0245
11-Dec-14,223,0.0223
10-Dec-14,211,0.0211
09-Dec-14,227,0.0227
08-Dec-14,238,0.0238
05-Dec-14,237,0.0237
04-Dec-14,234,0.0234
03-Dec-14,199,0.0199
02-Dec-14,221,0.0221
01-Dec-14,219,0.0219
28-Nov-14,221,0.0221
27-Nov-14,231,0.0231
26-Nov-14,223,0.0223
25-Nov-14,221,0.0221
24-Nov-14,216,0.0216
21-Nov-14,231,0.0231
20-Nov-14,237,0.0237
19-Nov-14,225,0.0225
18-Nov-14,240,0.024
17-Nov-14,240,0.024
14-Nov-14,243,0.0243
13-Nov-14,238,0.0238
12-Nov-14,228,0.0228
11-Nov-14,239,0.0239
10-Nov-14,242,0.0242
07-Nov-14,242,0.0242
06-Nov-14,240,0.024
05-Nov-14,226,0.0226
04-Nov-14,235,0.0235
03-Nov-14,232,0.0232
31-Oct-14,230,0.023
30-Oct-14,226,0.0226
29-Oct-14,206,0.0206
28-Oct-14,217,0.0217
27-Oct-14,242,0.0242
24-Oct-14,235,0.0235
23-Oct-14,244,0.0244
22-Oct-14,210,0.021
21-Oct-14,223,0.0223
20-Oct-14,227,0.0227
17-Oct-14,225,0.0225
16-Oct-14,226,0.0226
15-Oct-14,201,0.0201
14-Oct-14,204,0.0204
13-Oct-14,210,0.021
10-Oct-14,214,0.0214
09-Oct-14,215,0.0215
08-Oct-14,199,0.0199
07-Oct-14,214,0.0214
06-Oct-14,227,0.0227
03-Oct-14,232,0.0232
02-Oct-14,228,0.0228
01-Oct-14,206,0.0206
30-Sep-14,212,0.0212
29-Sep-14,222,0.0222
26-Sep-14,219,0.0219
25-Sep-14,210,0.021
24-Sep-14,197,0.0197
23-Sep-14,206,0.0206
22-Sep-14,209,0.0209
19-Sep-14,211,0.0211
18-Sep-14,207,0.0207
17-Sep-14,194,0.0194
16-Sep-14,205,0.0205
15-Sep-14,207,0.0207
12-Sep-14,208,0.0208
11-Sep-14,202,0.0202
10-Sep-14,200,0.02
09-Sep-14,206,0.0206
08-Sep-14,196,0.0196
05-Sep-14,193,0.0193
04-Sep-14,191,0.0191
03-Sep-14,182,0.0182
02-Sep-14,193,0.0193
01-Sep-14,194,0.0194
29-Aug-14,197,0.0197
28-Aug-14,198,0.0198
27-Aug-14,198,0.0198
26-Aug-14,194,0.0194
25-Aug-14,203,0.0203
22-Aug-14,205,0.0205
21-Aug-14,204,0.0204
20-Aug-14,189,0.0189
19-Aug-14,198,0.0198
18-Aug-14,206,0.0206
15-Aug-14,207,0.0207
14-Aug-14,209,0.0209
13-Aug-14,194,0.0194
12-Aug-14,205,0.0205
11-Aug-14,215,0.0215
08-Aug-14,215,0.0215
07-Aug-14,215,0.0215
06-Aug-14,197,0.0197
05-Aug-14,204,0.0204
04-Aug-14,207,0.0207
01-Aug-14,206,0.0206
31-Jul-14,207,0.0207
30-Jul-14,196,0.0196
29-Jul-14,185,0.0185
28-Jul-14,192,0.0192
25-Jul-14,204,0.0204
24-Jul-14,200,0.02
23-Jul-14,184,0.0184
22-Jul-14,198,0.0198
21-Jul-14,207,0.0207
18-Jul-14,206,0.0206
17-Jul-14,208,0.0208
16-Jul-14,183,0.0183
15-Jul-14,190,0.019
14-Jul-14,194,0.0194
11-Jul-14,200,0.02
10-Jul-14,200,0.02
09-Jul-14,186,0.0186
08-Jul-14,195,0.0195
07-Jul-14,206,0.0206
04-Jul-14,209,0.0209
03-Jul-14,209,0.0209
02-Jul-14,207,0.0207
01-Jul-14,196,0.0196
30-Jun-14,208,0.0208
27-Jun-14,207,0.0207
26-Jun-14,207,0.0207
25-Jun-14,189,0.0189
24-Jun-14,199,0.0199
23-Jun-14,197,0.0197
20-Jun-14,198,0.0198
19-Jun-14,200,0.02
18-Jun-14,198,0.0198
17-Jun-14,192,0.0192
16-Jun-14,193,0.0193
13-Jun-14,194,0.0194
12-Jun-14,207,0.0207
11-Jun-14,188,0.0188
10-Jun-14,198,0.0198
09-Jun-14,199,0.0199
06-Jun-14,198,0.0198
05-Jun-14,202,0.0202
04-Jun-14,193,0.0193
03-Jun-14,200,0.02
02-Jun-14,205,0.0205
30-May-14,192,0.0192
29-May-14,191,0.0191
28-May-14,182,0.0182
27-May-14,192,0.0192
26-May-14,198,0.0198
23-May-14,199,0.0199
22-May-14,198,0.0198
21-May-14,183,0.0183
20-May-14,191,0.0191
19-May-14,199,0.0199
16-May-14,203,0.0203
15-May-14,208,0.0208
14-May-14,190,0.019
13-May-14,199,0.0199
12-May-14,212,0.0212
09-May-14,211,0.0211
08-May-14,214,0.0214
07-May-14,197,0.0197
06-May-14,213,0.0213
05-May-14,221,0.0221
02-May-14,220,0.022
01-May-14,215,0.0215
30-Apr-14,221,0.0221
29-Apr-14,206,0.0206
28-Apr-14,197,0.0197
25-Apr-14,196,0.0196
24-Apr-14,196,0.0196
23-Apr-14,200,0.02
22-Apr-14,213,0.0213
21-Apr-14,196,0.0196
18-Apr-14,199,0.0199
17-Apr-14,200,0.02
16-Apr-14,202,0.0202
15-Apr-14,185,0.0185
14-Apr-14,179,0.0179
11-Apr-14,179,0.0179
10-Apr-14,179,0.0179
09-Apr-14,172,0.0172
08-Apr-14,180,0.018
07-Apr-14,179,0.0179
04-Apr-14,179,0.0179
03-Apr-14,182,0.0182
02-Apr-14,170,0.017
01-Apr-14,180,0.018
31-Mar-14,179,0.0179
28-Mar-14,187,0.0187
27-Mar-14,185,0.0185
26-Mar-14,180,0.018
25-Mar-14,188,0.0188
24-Mar-14,200,0.02
21-Mar-14,200,0.02
20-Mar-14,200,0.02
19-Mar-14,193,0.0193
18-Mar-14,200,0.02
17-Mar-14,212,0.0212
14-Mar-14,219,0.0219
13-Mar-14,220,0.022
12-Mar-14,203,0.0203
11-Mar-14,216,0.0216
10-Mar-14,228,0.0228
07-Mar-14,222,0.0222
06-Mar-14,217,0.0217
05-Mar-14,197,0.0197
04-Mar-14,205,0.0205
03-Mar-14,205,0.0205
28-Feb-14,206,0.0206
27-Feb-14,215,0.0215
26-Feb-14,180,0.018
25-Feb-14,164,0.0164
24-Feb-14,164,0.0164
21-Feb-14,166,0.0166
20-Feb-14,171,0.0171
19-Feb-14,179,0.0179
18-Feb-14,172,0.0172
17-Feb-14,162,0.0162
14-Feb-14,173,0.0173
13-Feb-14,175,0.0175
12-Feb-14,175,0.0175
11-Feb-14,172,0.0172
10-Feb-14,163,0.0163
07-Feb-14,173,0.0173
06-Feb-14,171,0.0171
05-Feb-14,174,0.0174
04-Feb-14,173,0.0173
03-Feb-14,176,0.0176
31-Jan-14,186,0.0186
30-Jan-14,210,0.021
29-Jan-14,187,0.0187
28-Jan-14,200,0.02
27-Jan-14,206,0.0206
24-Jan-14,216,0.0216
23-Jan-14,208,0.0208
22-Jan-14,199,0.0199
21-Jan-14,189,0.0189
20-Jan-14,204,0.0204
17-Jan-14,208,0.0208
16-Jan-14,200,0.02
15-Jan-14,198,0.0198
14-Jan-14,204,0.0204
13-Jan-14,213,0.0213
10-Jan-14,209,0.0209
09-Jan-14,206,0.0206
08-Jan-14,187,0.0187
07-Jan-14,196,0.0196
06-Jan-14,205,0.0205
03-Jan-14,205,0.0205
02-Jan-14,203,0.0203
01-Jan-14,186,0.0186
31-Dec-13,186,0.0186
30-Dec-13,192,0.0192
27-Dec-13,193,0.0193
26-Dec-13,197,0.0197
25-Dec-13,173,0.0173
24-Dec-13,173,0.0173
23-Dec-13,181,0.0181
20-Dec-13,179,0.0179
19-Dec-13,163,0.0163
18-Dec-13,162,0.0162
17-Dec-13,173,0.0173
16-Dec-13,181,0.0181
13-Dec-13,174,0.0174
12-Dec-13,171,0.0171
11-Dec-13,153,0.0153
10-Dec-13,161,0.0161
09-Dec-13,170,0.017
06-Dec-13,171,0.0171
05-Dec-13,172,0.0172
04-Dec-13,157,0.0157
03-Dec-13,168,0.0168
02-Dec-13,177,0.0177
29-Nov-13,176,0.0176
28-Nov-13,166,0.0166
27-Nov-13,168,0.0168
26-Nov-13,168,0.0168
25-Nov-13,172,0.0172
22-Nov-13,171,0.0171
21-Nov-13,175,0.0175
20-Nov-13,167,0.0167
19-Nov-13,169,0.0169
18-Nov-13,171,0.0171
15-Nov-13,174,0.0174
14-Nov-13,174,0.0174
13-Nov-13,180,0.018
12-Nov-13,172,0.0172
11-Nov-13,165,0.0165
08-Nov-13,172,0.0172
07-Nov-13,170,0.017
06-Nov-13,163,0.0163
05-Nov-13,150,0.015
04-Nov-13,168,0.0168
01-Nov-13,169,0.0169
31-Oct-13,163,0.0163
30-Oct-13,152,0.0152
29-Oct-13,150,0.015
28-Oct-13,160,0.016
25-Oct-13,166,0.0166
24-Oct-13,172,0.0172
23-Oct-13,141,0.0141
22-Oct-13,153,0.0153
21-Oct-13,163,0.0163
18-Oct-13,164,0.0164
17-Oct-13,163,0.0163
16-Oct-13,150,0.015
15-Oct-13,157,0.0157
14-Oct-13,163,0.0163
11-Oct-13,164,0.0164
10-Oct-13,170,0.017
09-Oct-13,167,0.0167
08-Oct-13,174,0.0174
07-Oct-13,181,0.0181
04-Oct-13,177,0.0177
03-Oct-13,177,0.0177
02-Oct-13,163,0.0163
01-Oct-13,169,0.0169
30-Sep-13,174,0.0174
27-Sep-13,173,0.0173
26-Sep-13,171,0.0171
25-Sep-13,152,0.0152
24-Sep-13,148,0.0148
23-Sep-13,158,0.0158
20-Sep-13,156,0.0156
19-Sep-13,154,0.0154
18-Sep-13,148,0.0148
17-Sep-13,160,0.016
16-Sep-13,162,0.0162
13-Sep-13,161,0.0161
12-Sep-13,158,0.0158
11-Sep-13,165,0.0165
10-Sep-13,165,0.0165
09-Sep-13,161,0.0161
06-Sep-13,163,0.0163
05-Sep-13,165,0.0165
04-Sep-13,164,0.0164
03-Sep-13,166,0.0166
02-Sep-13,167,0.0167
30-Aug-13,169,0.0169
29-Aug-13,164,0.0164
28-Aug-13,154,0.0154
27-Aug-13,164,0.0164
26-Aug-13,169,0.0169
23-Aug-13,172,0.0172
22-Aug-13,178,0.0178
21-Aug-13,163,0.0163
20-Aug-13,165,0.0165
19-Aug-13,173,0.0173
16-Aug-13,172,0.0172
15-Aug-13,165,0.0165
14-Aug-13,149,0.0149
13-Aug-13,155,0.0155
12-Aug-13,155,0.0155
09-Aug-13,157,0.0157
08-Aug-13,161,0.0161
07-Aug-13,149,0.0149
06-Aug-13,156,0.0156
05-Aug-13,164,0.0164
02-Aug-13,162,0.0162
01-Aug-13,157,0.0157
31-Jul-13,154,0.0154
30-Jul-13,159,0.0159
29-Jul-13,150,0.015
26-Jul-13,157,0.0157
25-Jul-13,152,0.0152
24-Jul-13,139,0.0139
23-Jul-13,144,0.0144
22-Jul-13,150,0.015
19-Jul-13,149,0.0149
18-Jul-13,150,0.015
17-Jul-13,138,0.0138
16-Jul-13,146,0.0146
15-Jul-13,157,0.0157
12-Jul-13,155,0.0155
11-Jul-13,157,0.0157
10-Jul-13,143,0.0143
09-Jul-13,152,0.0152
08-Jul-13,155,0.0155
05-Jul-13,156,0.0156
04-Jul-13,157,0.0157
03-Jul-13,162,0.0162
02-Jul-13,148,0.0148
01-Jul-13,157,0.0157
28-Jun-13,154,0.0154
27-Jun-13,150,0.015
26-Jun-13,135,0.0135
25-Jun-13,134,0.0134
24-Jun-13,135,0.0135
21-Jun-13,134,0.0134
20-Jun-13,131,0.0131
19-Jun-13,125,0.0125
18-Jun-13,135,0.0135
17-Jun-13,135,0.0135
14-Jun-13,133,0.0133
13-Jun-13,134,0.0134
12-Jun-13,130,0.013
11-Jun-13,135,0.0135
10-Jun-13,134,0.0134
07-Jun-13,136,0.0136
06-Jun-13,130,0.013
05-Jun-13,138,0.0138
04-Jun-13,138,0.0138
03-Jun-13,132,0.0132
31-May-13,140,0.014
30-May-13,116,0.0116
29-May-13,129,0.0129
28-May-13,115,0.0115
27-May-13,96,0.0096
24-May-13,120,0.012
23-May-13,108,0.0108
22-May-13,102,0.0102
21-May-13,104,0.0104
20-May-13,113,0.0113
17-May-13,97,0.0097
16-May-13,85,0.0085
15-May-13,76,0.0076
14-May-13,84,0.0084
13-May-13,93,0.0093
10-May-13,84,0.0084
09-May-13,96,0.0096
08-May-13,70,0.007
07-May-13,94,0.0094
06-May-13,98,0.0098
03-May-13,96,0.0096
02-May-13,94,0.0094
01-May-13,86,0.0086
30-Apr-13,69,0.0069
29-Apr-13,73,0.0073
26-Apr-13,77,0.0077
25-Apr-13,60,0.006
24-Apr-13,70,0.007
23-Apr-13,76,0.0076
22-Apr-13,77,0.0077
19-Apr-13,79,0.0079
18-Apr-13,71,0.0071
17-Apr-13,66,0.0066
16-Apr-13,77,0.0077
15-Apr-13,76,0.0076
12-Apr-13,68,0.0068
11-Apr-13,67,0.0067
10-Apr-13,67,0.0067
09-Apr-13,73,0.0073
08-Apr-13,78,0.0078
05-Apr-13,80,0.008
04-Apr-13,78,0.0078
03-Apr-13,70,0.007
02-Apr-13,74,0.0074
01-Apr-13,64,0.0064
29-Mar-13,70,0.007
28-Mar-13,69,0.0069
27-Mar-13,74,0.0074
26-Mar-13,70,0.007
25-Mar-13,71,0.0071
22-Mar-13,72,0.0072
21-Mar-13,71,0.0071
20-Mar-13,64,0.0064
19-Mar-13,64,0.0064
18-Mar-13,61,0.0061
15-Mar-13,66,0.0066
14-Mar-13,64,0.0064
13-Mar-13,61,0.0061
12-Mar-13,66,0.0066
11-Mar-13,73,0.0073
08-Mar-13,72,0.0072
07-Mar-13,74,0.0074
06-Mar-13,64,0.0064
05-Mar-13,69,0.0069
04-Mar-13,73,0.0073
01-Mar-13,74,0.0074
28-Feb-13,76,0.0076
27-Feb-13,61,0.0061
26-Feb-13,63,0.0063
25-Feb-13,60,0.006
22-Feb-13,56,0.0056
21-Feb-13,60,0.006
20-Feb-13,62,0.0062
19-Feb-13,68,0.0068
18-Feb-13,70,0.007
15-Feb-13,66,0.0066
14-Feb-13,80,0.008
13-Feb-13,77,0.0077
12-Feb-13,67,0.0067
11-Feb-13,68,0.0068
08-Feb-13,73,0.0073
07-Feb-13,73,0.0073
06-Feb-13,86,0.0086
05-Feb-13,59,0.0059
04-Feb-13,61,0.0061
01-Feb-13,62,0.0062
31-Jan-13,60,0.006
30-Jan-13,62,0.0062
29-Jan-13,57,0.0057
28-Jan-13,69,0.0069
25-Jan-13,74,0.0074
24-Jan-13,78,0.0078
23-Jan-13,69,0.0069
22-Jan-13,77,0.0077
21-Jan-13,87,0.0087
18-Jan-13,87,0.0087
17-Jan-13,87,0.0087
16-Jan-13,88,0.0088
15-Jan-13,91,0.0091
14-Jan-13,90,0.009
11-Jan-13,91,0.0091
10-Jan-13,88,0.0088
09-Jan-13,79,0.0079
08-Jan-13,95,0.0095
07-Jan-13,108,0.0108
04-Jan-13,115,0.0115
03-Jan-13,112,0.0112
02-Jan-13,114,0.0114
01-Jan-13,87,0.0087
31-Dec-12,87,0.0087
28-Dec-12,108,0.0108
27-Dec-12,86,0.0086
26-Dec-12,87,0.0087
25-Dec-12,77,0.0077
24-Dec-12,77,0.0077
21-Dec-12,84,0.0084
20-Dec-12,98,0.0098
19-Dec-12,74,0.0074
18-Dec-12,90,0.009
17-Dec-12,89,0.0089
14-Dec-12,95,0.0095
13-Dec-12,91,0.0091
12-Dec-12,75,0.0075
11-Dec-12,84,0.0084
10-Dec-12,92,0.0092
07-Dec-12,93,0.0093
06-Dec-12,93,0.0093
05-Dec-12,73,0.0073
04-Dec-12,91,0.0091
03-Dec-12,98,0.0098
30-Nov-12,98,0.0098
29-Nov-12,81,0.0081
28-Nov-12,77,0.0077
27-Nov-12,81,0.0081
26-Nov-12,84,0.0084
23-Nov-12,95,0.0095
22-Nov-12,96,0.0096
21-Nov-12,95,0.0095
20-Nov-12,94,0.0094
19-Nov-12,95,0.0095
16-Nov-12,107,0.0107
15-Nov-12,89,0.0089
14-Nov-12,101,0.0101
13-Nov-12,84,0.0084
12-Nov-12,91,0.0091
09-Nov-12,93,0.0093
08-Nov-12,92,0.0092
07-Nov-12,71,0.0071
06-Nov-12,68,0.0068
05-Nov-12,66,0.0066
02-Nov-12,82,0.0082
01-Nov-12,74,0.0074
31-Oct-12,84,0.0084
30-Oct-12,83,0.0083
29-Oct-12,72,0.0072
26-Oct-12,84,0.0084
25-Oct-12,101,0.0101
24-Oct-12,76,0.0076
23-Oct-12,88,0.0088
22-Oct-12,92,0.0092
19-Oct-12,94,0.0094
18-Oct-12,102,0.0102
17-Oct-12,86,0.0086
16-Oct-12,93,0.0093
15-Oct-12,94,0.0094
12-Oct-12,86,0.0086
11-Oct-12,84,0.0084
10-Oct-12,81,0.0081
09-Oct-12,97,0.0097
08-Oct-12,89,0.0089
05-Oct-12,87,0.0087
04-Oct-12,78,0.0078
03-Oct-12,83,0.0083
02-Oct-12,85,0.0085
01-Oct-12,84,0.0084
28-Sep-12,90,0.009
27-Sep-12,90,0.009
26-Sep-12,99,0.0099
25-Sep-12,98,0.0098
24-Sep-12,81,0.0081
21-Sep-12,90,0.009
20-Sep-12,94,0.0094
19-Sep-12,82,0.0082
18-Sep-12,104,0.0104
17-Sep-12,96,0.0096
14-Sep-12,94,0.0094
13-Sep-12,108,0.0108
12-Sep-12,100,0.01
11-Sep-12,100,0.01
10-Sep-12,105,0.0105
07-Sep-12,108,0.0108
06-Sep-12,107,0.0107
05-Sep-12,118,0.0118
04-Sep-12,105,0.0105
03-Sep-12,102,0.0102
31-Aug-12,103,0.0103
30-Aug-12,102,0.0102
29-Aug-12,110,0.011
28-Aug-12,99,0.0099
27-Aug-12,104,0.0104
24-Aug-12,106,0.0106
23-Aug-12,115,0.0115
22-Aug-12,115,0.0115
21-Aug-12,109,0.0109
20-Aug-12,113,0.0113
17-Aug-12,122,0.0122
16-Aug-12,120,0.012
15-Aug-12,100,0.01
14-Aug-12,107,0.0107
13-Aug-12,116,0.0116
10-Aug-12,115,0.0115
09-Aug-12,117,0.0117
08-Aug-12,107,0.0107
07-Aug-12,111,0.0111
06-Aug-12,120,0.012
03-Aug-12,125,0.0125
02-Aug-12,129,0.0129
01-Aug-12,128,0.0128
31-Jul-12,126,0.0126
30-Jul-12,137,0.0137
27-Jul-12,125,0.0125
26-Jul-12,120,0.012
25-Jul-12,112,0.0112
24-Jul-12,110,0.011
23-Jul-12,119,0.0119
20-Jul-12,125,0.0125
19-Jul-12,117,0.0117
18-Jul-12,105,0.0105
17-Jul-12,113,0.0113
16-Jul-12,121,0.0121
13-Jul-12,122,0.0122
12-Jul-12,125,0.0125
11-Jul-12,113,0.0113
10-Jul-12,139,0.0139
09-Jul-12,127,0.0127
06-Jul-12,128,0.0128
05-Jul-12,126,0.0126
04-Jul-12,118,0.0118
03-Jul-12,118,0.0118
02-Jul-12,124,0.0124
29-Jun-12,135,0.0135
28-Jun-12,150,0.015
27-Jun-12,132,0.0132
26-Jun-12,132,0.0132
25-Jun-12,138,0.0138
22-Jun-12,126,0.0126
21-Jun-12,128,0.0128
20-Jun-12,116,0.0116
19-Jun-12,128,0.0128
18-Jun-12,134,0.0134
15-Jun-12,128,0.0128
14-Jun-12,135,0.0135
13-Jun-12,128,0.0128
12-Jun-12,144,0.0144
11-Jun-12,140,0.014
08-Jun-12,138,0.0138
07-Jun-12,115,0.0115
06-Jun-12,129,0.0129
05-Jun-12,123,0.0123
04-Jun-12,128,0.0128
01-Jun-12,132,0.0132
31-May-12,136,0.0136
30-May-12,112,0.0112
29-May-12,113,0.0113
28-May-12,112,0.0112
25-May-12,118,0.0118
24-May-12,134,0.0134
23-May-12,117,0.0117
22-May-12,131,0.0131
21-May-12,130,0.013
18-May-12,125,0.0125
17-May-12,127,0.0127
16-May-12,122,0.0122
15-May-12,132,0.0132
14-May-12,123,0.0123
11-May-12,140,0.014
10-May-12,140,0.014
09-May-12,129,0.0129
08-May-12,131,0.0131
07-May-12,124,0.0124
04-May-12,134,0.0134
03-May-12,138,0.0138
02-May-12,129,0.0129
01-May-12,121,0.0121
30-Apr-12,132,0.0132
27-Apr-12,132,0.0132
26-Apr-12,105,0.0105
25-Apr-12,118,0.0118
24-Apr-12,124,0.0124
23-Apr-12,114,0.0114
20-Apr-12,106,0.0106
19-Apr-12,112,0.0112
18-Apr-12,106,0.0106
17-Apr-12,107,0.0107
16-Apr-12,114,0.0114
13-Apr-12,117,0.0117
12-Apr-12,119,0.0119
11-Apr-12,115,0.0115
10-Apr-12,121,0.0121
09-Apr-12,122,0.0122
06-Apr-12,115,0.0115
05-Apr-12,116,0.0116
04-Apr-12,116,0.0116
03-Apr-12,118,0.0118
02-Apr-12,124,0.0124
30-Mar-12,124,0.0124
29-Mar-12,122,0.0122
28-Mar-12,123,0.0123
27-Mar-12,125,0.0125
26-Mar-12,136,0.0136
23-Mar-12,138,0.0138
22-Mar-12,130,0.013
21-Mar-12,119,0.0119
20-Mar-12,127,0.0127
19-Mar-12,131,0.0131
16-Mar-12,143,0.0143
15-Mar-12,132,0.0132
14-Mar-12,135,0.0135
13-Mar-12,154,0.0154
12-Mar-12,142,0.0142
09-Mar-12,156,0.0156
08-Mar-12,144,0.0144
07-Mar-12,131,0.0131
06-Mar-12,131,0.0131
05-Mar-12,132,0.0132
02-Mar-12,144,0.0144
01-Mar-12,148,0.0148
29-Feb-12,126,0.0126
28-Feb-12,136,0.0136
27-Feb-12,141,0.0141
24-Feb-12,127,0.0127
23-Feb-12,130,0.013
22-Feb-12,133,0.0133
21-Feb-12,134,0.0134
20-Feb-12,134,0.0134
17-Feb-12,135,0.0135
16-Feb-12,134,0.0134
15-Feb-12,122,0.0122
14-Feb-12,122,0.0122
13-Feb-12,121,0.0121
10-Feb-12,123,0.0123
09-Feb-12,121,0.0121
08-Feb-12,117,0.0117
07-Feb-12,118,0.0118
06-Feb-12,126,0.0126
03-Feb-12,126,0.0126
02-Feb-12,125,0.0125
01-Feb-12,133,0.0133
31-Jan-12,134,0.0134
30-Jan-12,104,0.0104
27-Jan-12,117,0.0117
26-Jan-12,123,0.0123
25-Jan-12,116,0.0116
24-Jan-12,124,0.0124
23-Jan-12,131,0.0131
20-Jan-12,132,0.0132
19-Jan-12,133,0.0133
18-Jan-12,139,0.0139
17-Jan-12,144,0.0144
16-Jan-12,151,0.0151
13-Jan-12,152,0.0152
12-Jan-12,149,0.0149
11-Jan-12,140,0.014
10-Jan-12,144,0.0144
09-Jan-12,156,0.0156
06-Jan-12,156,0.0156
05-Jan-12,155,0.0155
04-Jan-12,133,0.0133
03-Jan-12,136,0.0136
02-Jan-12,140,0.014
30-Dec-11,145,0.0145
29-Dec-11,157,0.0157
28-Dec-11,117,0.0117
27-Dec-11,114,0.0114
26-Dec-11,133,0.0133
23-Dec-11,130,0.013
22-Dec-11,127,0.0127
21-Dec-11,122,0.0122
20-Dec-11,129,0.0129
19-Dec-11,138,0.0138
16-Dec-11,144,0.0144
15-Dec-11,146,0.0146
14-Dec-11,142,0.0142
13-Dec-11,158,0.0158
12-Dec-11,159,0.0159
09-Dec-11,151,0.0151
08-Dec-11,148,0.0148
07-Dec-11,136,0.0136
06-Dec-11,137,0.0137
05-Dec-11,141,0.0141
02-Dec-11,135,0.0135
01-Dec-11,140,0.014
30-Nov-11,130,0.013
29-Nov-11,148,0.0148
28-Nov-11,138,0.0138
25-Nov-11,143,0.0143
24-Nov-11,148,0.0148
23-Nov-11,147,0.0147
22-Nov-11,135,0.0135
21-Nov-11,136,0.0136
18-Nov-11,137,0.0137
17-Nov-11,138,0.0138
16-Nov-11,132,0.0132
15-Nov-11,141,0.0141
14-Nov-11,141,0.0141
11-Nov-11,141,0.0141
10-Nov-11,139,0.0139
09-Nov-11,132,0.0132
08-Nov-11,137,0.0137
07-Nov-11,138,0.0138
04-Nov-11,145,0.0145
03-Nov-11,136,0.0136
02-Nov-11,135,0.0135
01-Nov-11,137,0.0137
31-Oct-11,137,0.0137
28-Oct-11,126,0.0126
27-Oct-11,116,0.0116
26-Oct-11,113,0.0113
25-Oct-11,118,0.0118
24-Oct-11,124,0.0124
21-Oct-11,138,0.0138
20-Oct-11,140,0.014
19-Oct-11,122,0.0122
18-Oct-11,129,0.0129
17-Oct-11,136,0.0136
14-Oct-11,131,0.0131
13-Oct-11,136,0.0136
12-Oct-11,118,0.0118
11-Oct-11,133,0.0133
10-Oct-11,135,0.0135
07-Oct-11,136,0.0136
06-Oct-11,148,0.0148
05-Oct-11,147,0.0147
04-Oct-11,147,0.0147
03-Oct-11,165,0.0165
30-Sep-11,147,0.0147
29-Sep-11,137,0.0137
28-Sep-11,131,0.0131
27-Sep-11,124,0.0124
26-Sep-11,122,0.0122
23-Sep-11,126,0.0126
22-Sep-11,125,0.0125
21-Sep-11,147,0.0147
20-Sep-11,140,0.014
19-Sep-11,145,0.0145
16-Sep-11,136,0.0136
15-Sep-11,137,0.0137
14-Sep-11,131,0.0131
13-Sep-11,140,0.014
12-Sep-11,147,0.0147
09-Sep-11,140,0.014
08-Sep-11,142,0.0142
07-Sep-11,126,0.0126
06-Sep-11,140,0.014
05-Sep-11,138,0.0138
02-Sep-11,131,0.0131
01-Sep-11,113,0.0113
31-Aug-11,84,0.0084
30-Aug-11,95,0.0095
29-Aug-11,93,0.0093
26-Aug-11,91,0.0091
25-Aug-11,97,0.0097
24-Aug-11,108,0.0108
23-Aug-11,121,0.0121
22-Aug-11,107,0.0107
19-Aug-11,140,0.014
18-Aug-11,143,0.0143
17-Aug-11,88,0.0088
16-Aug-11,121,0.0121
15-Aug-11,133,0.0133
12-Aug-11,155,0.0155
11-Aug-11,167,0.0167
10-Aug-11,141,0.0141
09-Aug-11,139,0.0139
08-Aug-11,141,0.0141
05-Aug-11,133,0.0133
04-Aug-11,134,0.0134
03-Aug-11,129,0.0129
02-Aug-11,130,0.013
01-Aug-11,143,0.0143
29-Jul-11,130,0.013
28-Jul-11,139,0.0139
27-Jul-11,129,0.0129
26-Jul-11,94,0.0094
25-Jul-11,94,0.0094
22-Jul-11,105,0.0105
21-Jul-11,109,0.0109
20-Jul-11,99,0.0099
19-Jul-11,104,0.0104
18-Jul-11,115,0.0115
15-Jul-11,118,0.0118
14-Jul-11,127,0.0127
13-Jul-11,109,0.0109
12-Jul-11,110,0.011
11-Jul-11,100,0.01
08-Jul-11,127,0.0127
07-Jul-11,118,0.0118
06-Jul-11,103,0.0103
05-Jul-11,102,0.0102
04-Jul-11,101,0.0101
01-Jul-11,111,0.0111
30-Jun-11,124,0.0124
29-Jun-11,114,0.0114
28-Jun-11,113,0.0113
27-Jun-11,121,0.0121
24-Jun-11,122,0.0122
23-Jun-11,119,0.0119
22-Jun-11,115,0.0115
21-Jun-11,112,0.0112
20-Jun-11,116,0.0116
17-Jun-11,113,0.0113
16-Jun-11,113,0.0113
15-Jun-11,103,0.0103
14-Jun-11,114,0.0114
13-Jun-11,110,0.011
10-Jun-11,114,0.0114
09-Jun-11,105,0.0105
08-Jun-11,96,0.0096
07-Jun-11,98,0.0098
06-Jun-11,110,0.011
03-Jun-11,111,0.0111
02-Jun-11,99,0.0099
01-Jun-11,101,0.0101
31-May-11,108,0.0108
30-May-11,113,0.0113
27-May-11,107,0.0107
26-May-11,102,0.0102
25-May-11,88,0.0088
24-May-11,90,0.009
23-May-11,101,0.0101
20-May-11,99,0.0099
19-May-11,106,0.0106
18-May-11,99,0.0099
17-May-11,112,0.0112
16-May-11,120,0.012
13-May-11,123,0.0123
12-May-11,117,0.0117
11-May-11,102,0.0102
10-May-11,100,0.01
09-May-11,104,0.0104
06-May-11,95,0.0095
05-May-11,107,0.0107
04-May-11,90,0.009
03-May-11,81,0.0081
02-May-11,34,0.0034
29-Apr-11,28,0.0028
28-Apr-11,13,0.0013
27-Apr-11,24,0.0024
26-Apr-11,56,0.0056
25-Apr-11,52,0.0052
22-Apr-11,62,0.0062
21-Apr-11,60,0.006
20-Apr-11,51,0.0051
19-Apr-11,59,0.0059
18-Apr-11,67,0.0067
15-Apr-11,65,0.0065
14-Apr-11,65,0.0065
13-Apr-11,70,0.007
12-Apr-11,74,0.0074
11-Apr-11,61,0.0061
08-Apr-11,54,0.0054
07-Apr-11,52,0.0052
06-Apr-11,64,0.0064
05-Apr-11,81,0.0081
04-Apr-11,88,0.0088
01-Apr-11,89,0.0089
31-Mar-11,94,0.0094
30-Mar-11,99,0.0099
29-Mar-11,91,0.0091
28-Mar-11,94,0.0094
25-Mar-11,101,0.0101
24-Mar-11,105,0.0105
23-Mar-11,91,0.0091
22-Mar-11,100,0.01
21-Mar-11,102,0.0102
18-Mar-11,121,0.0121
17-Mar-11,120,0.012
16-Mar-11,117,0.0117
15-Mar-11,120,0.012
14-Mar-11,113,0.0113
11-Mar-11,118,0.0118
10-Mar-11,109,0.0109
09-Mar-11,106,0.0106
08-Mar-11,106,0.0106
07-Mar-11,113,0.0113
04-Mar-11,100,0.01
03-Mar-11,107,0.0107
02-Mar-11,79,0.0079
01-Mar-11,81,0.0081
28-Feb-11,93,0.0093
25-Feb-11,92,0.0092
24-Feb-11,95,0.0095
23-Feb-11,81,0.0081
22-Feb-11,86,0.0086
21-Feb-11,88,0.0088
18-Feb-11,91,0.0091
17-Feb-11,93,0.0093
16-Feb-11,97,0.0097
15-Feb-11,96,0.0096
14-Feb-11,98,0.0098
11-Feb-11,93,0.0093
10-Feb-11,90,0.009
09-Feb-11,92,0.0092
08-Feb-11,91,0.0091
07-Feb-11,95,0.0095
04-Feb-11,99,0.0099
03-Feb-11,102,0.0102
02-Feb-11,110,0.011
01-Feb-11,113,0.0113
31-Jan-11,111,0.0111
28-Jan-11,108,0.0108
27-Jan-11,105,0.0105
26-Jan-11,106,0.0106
25-Jan-11,121,0.0121
24-Jan-11,122,0.0122
21-Jan-11,125,0.0125
20-Jan-11,123,0.0123
19-Jan-11,117,0.0117
18-Jan-11,124,0.0124
17-Jan-11,134,0.0134
14-Jan-11,137,0.0137
13-Jan-11,122,0.0122
12-Jan-11,108,0.0108
11-Jan-11,118,0.0118
10-Jan-11,123,0.0123
07-Jan-11,119,0.0119
06-Jan-11,110,0.011
05-Jan-11,96,0.0096
04-Jan-11,103,0.0103
03-Jan-11,114,0.0114
31-Dec-10,113,0.0113
30-Dec-10,112,0.0112
29-Dec-10,100,0.01
28-Dec-10,106,0.0106
27-Dec-10,116,0.0116
24-Dec-10,123,0.0123
23-Dec-10,120,0.012
22-Dec-10,112,0.0112
21-Dec-10,116,0.0116
20-Dec-10,121,0.0121
17-Dec-10,133,0.0133
16-Dec-10,120,0.012
15-Dec-10,109,0.0109
14-Dec-10,118,0.0118
13-Dec-10,125,0.0125
10-Dec-10,123,0.0123
09-Dec-10,118,0.0118
08-Dec-10,106,0.0106
07-Dec-10,119,0.0119
06-Dec-10,117,0.0117
03-Dec-10,121,0.0121
02-Dec-10,124,0.0124
01-Dec-10,112,0.0112
30-Nov-10,115,0.0115
29-Nov-10,115,0.0115
26-Nov-10,111,0.0111
25-Nov-10,104,0.0104
24-Nov-10,105,0.0105
23-Nov-10,103,0.0103
22-Nov-10,106,0.0106
19-Nov-10,109,0.0109
18-Nov-10,111,0.0111
17-Nov-10,108,0.0108
16-Nov-10,114,0.0114
15-Nov-10,107,0.0107
12-Nov-10,107,0.0107
11-Nov-10,100,0.01
10-Nov-10,101,0.0101
09-Nov-10,99,0.0099
08-Nov-10,96,0.0096
05-Nov-10,104,0.0104
04-Nov-10,107,0.0107
03-Nov-10,98,0.0098
02-Nov-10,98,0.0098
01-Nov-10,106,0.0106
29-Oct-10,98,0.0098
28-Oct-10,96,0.0096
27-Oct-10,88,0.0088
26-Oct-10,87,0.0087
25-Oct-10,91,0.0091
22-Oct-10,90,0.009
21-Oct-10,93,0.0093
20-Oct-10,81,0.0081
19-Oct-10,88,0.0088
18-Oct-10,94,0.0094
15-Oct-10,97,0.0097
14-Oct-10,102,0.0102
13-Oct-10,98,0.0098
12-Oct-10,106,0.0106
11-Oct-10,106,0.0106
08-Oct-10,106,0.0106
07-Oct-10,114,0.0114
06-Oct-10,97,0.0097
05-Oct-10,103,0.0103
04-Oct-10,108,0.0108
01-Oct-10,102,0.0102
30-Sep-10,110,0.011
29-Sep-10,102,0.0102
28-Sep-10,103,0.0103
27-Sep-10,111,0.0111
24-Sep-10,107,0.0107
23-Sep-10,117,0.0117
22-Sep-10,106,0.0106
21-Sep-10,111,0.0111
20-Sep-10,116,0.0116
17-Sep-10,115,0.0115
16-Sep-10,106,0.0106
15-Sep-10,96,0.0096
14-Sep-10,98,0.0098
13-Sep-10,101,0.0101
10-Sep-10,106,0.0106
09-Sep-10,109,0.0109
08-Sep-10,115,0.0115
07-Sep-10,116,0.0116
06-Sep-10,121,0.0121
03-Sep-10,121,0.0121
02-Sep-10,119,0.0119
01-Sep-10,101,0.0101
31-Aug-10,111,0.0111
30-Aug-10,113,0.0113
27-Aug-10,116,0.0116
26-Aug-10,124,0.0124
25-Aug-10,119,0.0119
24-Aug-10,118,0.0118
23-Aug-10,122,0.0122
20-Aug-10,124,0.0124
19-Aug-10,123,0.0123
18-Aug-10,123,0.0123
17-Aug-10,122,0.0122
16-Aug-10,131,0.0131
13-Aug-10,133,0.0133
12-Aug-10,132,0.0132
11-Aug-10,116,0.0116
10-Aug-10,119,0.0119
09-Aug-10,124,0.0124
06-Aug-10,123,0.0123
05-Aug-10,119,0.0119
04-Aug-10,121,0.0121
03-Aug-10,124,0.0124
02-Aug-10,117,0.0117
30-Jul-10,129,0.0129
29-Jul-10,130,0.013
28-Jul-10,112,0.0112
27-Jul-10,114,0.0114
26-Jul-10,120,0.012
23-Jul-10,119,0.0119
22-Jul-10,120,0.012
21-Jul-10,107,0.0107
20-Jul-10,113,0.0113
19-Jul-10,119,0.0119
16-Jul-10,117,0.0117
15-Jul-10,107,0.0107
14-Jul-10,94,0.0094
13-Jul-10,99,0.0099
12-Jul-10,110,0.011
09-Jul-10,107,0.0107
08-Jul-10,107,0.0107
07-Jul-10,99,0.0099
06-Jul-10,111,0.0111
05-Jul-10,126,0.0126
02-Jul-10,126,0.0126
01-Jul-10,125,0.0125
30-Jun-10,182,0.0182
29-Jun-10,185,0.0185
28-Jun-10,166,0.0166
25-Jun-10,116,0.0116
24-Jun-10,123,0.0123
23-Jun-10,115,0.0115
22-Jun-10,124,0.0124
21-Jun-10,124,0.0124
18-Jun-10,127,0.0127
17-Jun-10,126,0.0126
16-Jun-10,119,0.0119
15-Jun-10,124,0.0124
14-Jun-10,130,0.013
11-Jun-10,132,0.0132
10-Jun-10,134,0.0134
09-Jun-10,129,0.0129
08-Jun-10,137,0.0137
07-Jun-10,136,0.0136
04-Jun-10,133,0.0133
03-Jun-10,130,0.013
02-Jun-10,131,0.0131
01-Jun-10,129,0.0129
31-May-10,124,0.0124
28-May-10,119,0.0119
27-May-10,124,0.0124
26-May-10,129,0.0129
25-May-10,121,0.0121
24-May-10,124,0.0124
21-May-10,128,0.0128
20-May-10,127,0.0127
19-May-10,115,0.0115
18-May-10,115,0.0115
17-May-10,119,0.0119
14-May-10,121,0.0121
13-May-10,118,0.0118
12-May-10,107,0.0107
11-May-10,119,0.0119
10-May-10,123,0.0123
07-May-10,123,0.0123
06-May-10,124,0.0124
05-May-10,107,0.0107
04-May-10,106,0.0106
03-May-10,112,0.0112
30-Apr-10,110,0.011
29-Apr-10,117,0.0117
28-Apr-10,114,0.0114
27-Apr-10,112,0.0112
26-Apr-10,120,0.012
23-Apr-10,118,0.0118
22-Apr-10,111,0.0111
21-Apr-10,104,0.0104
20-Apr-10,104,0.0104
19-Apr-10,110,0.011
16-Apr-10,102,0.0102
15-Apr-10,104,0.0104
14-Apr-10,110,0.011
13-Apr-10,110,0.011
12-Apr-10,111,0.0111
09-Apr-10,111,0.0111
08-Apr-10,111,0.0111
07-Apr-10,102,0.0102
06-Apr-10,107,0.0107
05-Apr-10,111,0.0111
02-Apr-10,115,0.0115
01-Apr-10,110,0.011
31-Mar-10,111,0.0111
30-Mar-10,102,0.0102
29-Mar-10,104,0.0104
26-Mar-10,110,0.011
25-Mar-10,106,0.0106
24-Mar-10,91,0.0091
23-Mar-10,97,0.0097
22-Mar-10,100,0.01
19-Mar-10,101,0.0101
18-Mar-10,97,0.0097
17-Mar-10,95,0.0095
16-Mar-10,102,0.0102
15-Mar-10,110,0.011
12-Mar-10,109,0.0109
11-Mar-10,112,0.0112
10-Mar-10,100,0.01
09-Mar-10,103,0.0103
08-Mar-10,104,0.0104
05-Mar-10,106,0.0106
04-Mar-10,109,0.0109
03-Mar-10,100,0.01
02-Mar-10,106,0.0106
01-Mar-10,113,0.0113
26-Feb-10,120,0.012
25-Feb-10,123,0.0123
24-Feb-10,122,0.0122
23-Feb-10,107,0.0107
22-Feb-10,104,0.0104
19-Feb-10,104,0.0104
18-Feb-10,100,0.01
17-Feb-10,104,0.0104
16-Feb-10,106,0.0106
15-Feb-10,106,0.0106
12-Feb-10,106,0.0106
11-Feb-10,107,0.0107
10-Feb-10,96,0.0096
09-Feb-10,99,0.0099
08-Feb-10,101,0.0101
05-Feb-10,102,0.0102
04-Feb-10,100,0.01
03-Feb-10,95,0.0095
02-Feb-10,94,0.0094
01-Feb-10,96,0.0096
29-Jan-10,94,0.0094
28-Jan-10,90,0.009
27-Jan-10,101,0.0101
26-Jan-10,101,0.0101
25-Jan-10,106,0.0106
22-Jan-10,111,0.0111
21-Jan-10,107,0.0107
20-Jan-10,96,0.0096
19-Jan-10,104,0.0104
18-Jan-10,107,0.0107
15-Jan-10,109,0.0109
14-Jan-10,109,0.0109
13-Jan-10,104,0.0104
12-Jan-10,109,0.0109
11-Jan-10,112,0.0112
08-Jan-10,114,0.0114
07-Jan-10,109,0.0109
06-Jan-10,100,0.01
05-Jan-10,107,0.0107
04-Jan-10,117,0.0117
01-Jan-10,117,0.0117
31-Dec-09,117,0.0117
30-Dec-09,117,0.0117
29-Dec-09,102,0.0102
28-Dec-09,116,0.0116
25-Dec-09,116,0.0116
24-Dec-09,116,0.0116
23-Dec-09,116,0.0116
22-Dec-09,104,0.0104
21-Dec-09,107,0.0107
18-Dec-09,104,0.0104
17-Dec-09,104,0.0104
16-Dec-09,100,0.01
15-Dec-09,107,0.0107
14-Dec-09,113,0.0113
11-Dec-09,109,0.0109
10-Dec-09,109,0.0109
09-Dec-09,94,0.0094
08-Dec-09,95,0.0095
07-Dec-09,95,0.0095
04-Dec-09,94,0.0094
03-Dec-09,91,0.0091
02-Dec-09,88,0.0088
01-Dec-09,97,0.0097
30-Nov-09,113,0.0113
27-Nov-09,113,0.0113
26-Nov-09,104,0.0104
25-Nov-09,104,0.0104
24-Nov-09,94,0.0094
23-Nov-09,107,0.0107
20-Nov-09,114,0.0114
19-Nov-09,114,0.0114
18-Nov-09,110,0.011
17-Nov-09,118,0.0118
16-Nov-09,119,0.0119
13-Nov-09,117,0.0117
12-Nov-09,112,0.0112
11-Nov-09,106,0.0106
10-Nov-09,106,0.0106
09-Nov-09,110,0.011
06-Nov-09,116,0.0116
05-Nov-09,117,0.0117
04-Nov-09,112,0.0112
03-Nov-09,112,0.0112
02-Nov-09,110,0.011
30-Oct-09,110,0.011
29-Oct-09,114,0.0114
28-Oct-09,109,0.0109
27-Oct-09,109,0.0109
26-Oct-09,104,0.0104
23-Oct-09,107,0.0107
22-Oct-09,114,0.0114
21-Oct-09,99,0.0099
20-Oct-09,103,0.0103
19-Oct-09,110,0.011
16-Oct-09,104,0.0104
15-Oct-09,102,0.0102
14-Oct-09,91,0.0091
13-Oct-09,95,0.0095
12-Oct-09,102,0.0102
09-Oct-09,102,0.0102
08-Oct-09,101,0.0101
07-Oct-09,86,0.0086
06-Oct-09,92,0.0092
05-Oct-09,96,0.0096
02-Oct-09,94,0.0094
01-Oct-09,92,0.0092
30-Sep-09,83,0.0083
29-Sep-09,81,0.0081
28-Sep-09,90,0.009
25-Sep-09,96,0.0096
24-Sep-09,95,0.0095
23-Sep-09,84,0.0084
22-Sep-09,84,0.0084
21-Sep-09,84,0.0084
18-Sep-09,77,0.0077
17-Sep-09,80,0.008
16-Sep-09,74,0.0074
15-Sep-09,84,0.0084
14-Sep-09,87,0.0087
11-Sep-09,88,0.0088
10-Sep-09,84,0.0084
09-Sep-09,83,0.0083
08-Sep-09,94,0.0094
07-Sep-09,102,0.0102
04-Sep-09,102,0.0102
03-Sep-09,100,0.01
02-Sep-09,94,0.0094
01-Sep-09,95,0.0095
31-Aug-09,102,0.0102
28-Aug-09,98,0.0098
27-Aug-09,99,0.0099
26-Aug-09,89,0.0089
25-Aug-09,88,0.0088
24-Aug-09,92,0.0092
21-Aug-09,98,0.0098
20-Aug-09,92,0.0092
19-Aug-09,84,0.0084
18-Aug-09,95,0.0095
17-Aug-09,100,0.01
14-Aug-09,98,0.0098
13-Aug-09,101,0.0101
12-Aug-09,94,0.0094
11-Aug-09,102,0.0102
10-Aug-09,104,0.0104
07-Aug-09,108,0.0108
06-Aug-09,111,0.0111
05-Aug-09,106,0.0106
04-Aug-09,115,0.0115
03-Aug-09,116,0.0116
31-Jul-09,116,0.0116
30-Jul-09,111,0.0111
29-Jul-09,106,0.0106
28-Jul-09,109,0.0109
27-Jul-09,107,0.0107
24-Jul-09,107,0.0107
23-Jul-09,101,0.0101
22-Jul-09,94,0.0094
21-Jul-09,104,0.0104
20-Jul-09,114,0.0114
17-Jul-09,118,0.0118
16-Jul-09,117,0.0117
15-Jul-09,107,0.0107
14-Jul-09,118,0.0118
13-Jul-09,124,0.0124
10-Jul-09,136,0.0136
09-Jul-09,130,0.013
08-Jul-09,118,0.0118
07-Jul-09,121,0.0121
06-Jul-09,124,0.0124
03-Jul-09,124,0.0124
02-Jul-09,124,0.0124
01-Jul-09,111,0.0111
30-Jun-09,116,0.0116
29-Jun-09,117,0.0117
26-Jun-09,135,0.0135
25-Jun-09,133,0.0133
24-Jun-09,121,0.0121
23-Jun-09,132,0.0132
22-Jun-09,127,0.0127
19-Jun-09,123,0.0123
18-Jun-09,122,0.0122
17-Jun-09,118,0.0118
16-Jun-09,121,0.0121
15-Jun-09,126,0.0126
12-Jun-09,121,0.0121
11-Jun-09,133,0.0133
10-Jun-09,136,0.0136
09-Jun-09,131,0.0131
08-Jun-09,134,0.0134
05-Jun-09,132,0.0132
04-Jun-09,133,0.0133
03-Jun-09,129,0.0129
02-Jun-09,137,0.0137
01-Jun-09,140,0.014
29-May-09,145,0.0145
28-May-09,143,0.0143
27-May-09,138,0.0138
26-May-09,143,0.0143
25-May-09,145,0.0145
22-May-09,146,0.0146
21-May-09,152,0.0152
20-May-09,138,0.0138
19-May-09,148,0.0148
18-May-09,160,0.016
15-May-09,165,0.0165
14-May-09,162,0.0162
13-May-09,149,0.0149
12-May-09,150,0.015
11-May-09,154,0.0154
08-May-09,157,0.0157
07-May-09,173,0.0173
06-May-09,160,0.016
05-May-09,173,0.0173
04-May-09,194,0.0194
01-May-09,195,0.0195
30-Apr-09,189,0.0189
29-Apr-09,177,0.0177
28-Apr-09,177,0.0177
27-Apr-09,189,0.0189
24-Apr-09,181,0.0181
23-Apr-09,185,0.0185
22-Apr-09,184,0.0184
21-Apr-09,183,0.0183
20-Apr-09,183,0.0183
17-Apr-09,173,0.0173
16-Apr-09,168,0.0168
15-Apr-09,164,0.0164
14-Apr-09,170,0.017
13-Apr-09,171,0.0171
10-Apr-09,172,0.0172
09-Apr-09,172,0.0172
08-Apr-09,163,0.0163
07-Apr-09,174,0.0174
06-Apr-09,163,0.0163
03-Apr-09,163,0.0163
02-Apr-09,167,0.0167
01-Apr-09,155,0.0155
31-Mar-09,172,0.0172
30-Mar-09,183,0.0183
27-Mar-09,179,0.0179
26-Mar-09,192,0.0192
25-Mar-09,177,0.0177
24-Mar-09,190,0.019
23-Mar-09,202,0.0202
20-Mar-09,200,0.02
19-Mar-09,200,0.02
18-Mar-09,194,0.0194
17-Mar-09,206,0.0206
16-Mar-09,215,0.0215
13-Mar-09,206,0.0206
12-Mar-09,198,0.0198
11-Mar-09,187,0.0187
10-Mar-09,204,0.0204
09-Mar-09,231,0.0231
06-Mar-09,251,0.0251
05-Mar-09,260,0.026
04-Mar-09,242,0.0242
03-Mar-09,270,0.027
02-Mar-09,270,0.027
27-Feb-09,268,0.0268
26-Feb-09,266,0.0266
25-Feb-09,254,0.0254
24-Feb-09,235,0.0235
23-Feb-09,235,0.0235
20-Feb-09,235,0.0235
19-Feb-09,219,0.0219
18-Feb-09,201,0.0201
17-Feb-09,197,0.0197
16-Feb-09,194,0.0194
13-Feb-09,191,0.0191
12-Feb-09,192,0.0192
11-Feb-09,190,0.019
10-Feb-09,193,0.0193
09-Feb-09,195,0.0195
06-Feb-09,196,0.0196
05-Feb-09,200,0.02
04-Feb-09,207,0.0207
03-Feb-09,209,0.0209
02-Feb-09,216,0.0216
30-Jan-09,210,0.021
29-Jan-09,204,0.0204
28-Jan-09,208,0.0208
27-Jan-09,221,0.0221
26-Jan-09,226,0.0226
23-Jan-09,248,0.0248
22-Jan-09,248,0.0248
21-Jan-09,257,0.0257
20-Jan-09,275,0.0275
19-Jan-09,278,0.0278
16-Jan-09,282,0.0282
15-Jan-09,306,0.0306
14-Jan-09,310,0.031
13-Jan-09,296,0.0296
12-Jan-09,295,0.0295
09-Jan-09,243,0.0243
08-Jan-09,253,0.0253
07-Jan-09,214,0.0214
06-Jan-09,230,0.023
05-Jan-09,296,0.0296
02-Jan-09,295,0.0295
01-Jan-09,288,0.0288
31-Dec-08,288,0.0288
30-Dec-08,288,0.0288
29-Dec-08,318,0.0318
26-Dec-08,359,0.0359
25-Dec-08,359,0.0359
24-Dec-08,359,0.0359
23-Dec-08,359,0.0359
22-Dec-08,376,0.0376
19-Dec-08,335,0.0335
18-Dec-08,364,0.0364
17-Dec-08,362,0.0362
16-Dec-08,355,0.0355
15-Dec-08,300,0.03
12-Dec-08,320,0.032
11-Dec-08,311,0.0311
10-Dec-08,300,0.03
09-Dec-08,320,0.032
08-Dec-08,328,0.0328
05-Dec-08,327,0.0327
04-Dec-08,287,0.0287
03-Dec-08,266,0.0266
02-Dec-08,286,0.0286
01-Dec-08,315,0.0315
28-Nov-08,313,0.0313
27-Nov-08,358,0.0358
26-Nov-08,358,0.0358
25-Nov-08,325,0.0325
24-Nov-08,291,0.0291
21-Nov-08,305,0.0305
20-Nov-08,326,0.0326
19-Nov-08,312,0.0312
18-Nov-08,316,0.0316
17-Nov-08,319,0.0319
14-Nov-08,328,0.0328
13-Nov-08,327,0.0327
12-Nov-08,289,0.0289
11-Nov-08,292,0.0292
10-Nov-08,287,0.0287
07-Nov-08,291,0.0291
06-Nov-08,302,0.0302
05-Nov-08,241,0.0241
04-Nov-08,231,0.0231
03-Nov-08,281,0.0281
31-Oct-08,268,0.0268
30-Oct-08,165,0.0165
29-Oct-08,157,0.0157
28-Oct-08,150,0.015
27-Oct-08,165,0.0165
24-Oct-08,115,0.0115
23-Oct-08,172,0.0172
22-Oct-08,195,0.0195
21-Oct-08,202,0.0202
20-Oct-08,192,0.0192
17-Oct-08,210,0.021
16-Oct-08,200,0.02
15-Oct-08,220,0.022
14-Oct-08,188,0.0188
13-Oct-08,199,0.0199
10-Oct-08,199,0.0199
09-Oct-08,199,0.0199
08-Oct-08,205,0.0205
07-Oct-08,148,0.0148
06-Oct-08,151,0.0151
03-Oct-08,164,0.0164
02-Oct-08,152,0.0152
01-Oct-08,133,0.0133
30-Sep-08,124,0.0124
29-Sep-08,115,0.0115
26-Sep-08,107,0.0107
25-Sep-08,90,0.009
24-Sep-08,86,0.0086
23-Sep-08,101,0.0101
22-Sep-08,107,0.0107
19-Sep-08,111,0.0111
18-Sep-08,63,0.0063
17-Sep-08,150,0.015
16-Sep-08,150,0.015
15-Sep-08,154,0.0154
12-Sep-08,156,0.0156
11-Sep-08,152,0.0152
10-Sep-08,146,0.0146
09-Sep-08,153,0.0153
08-Sep-08,148,0.0148
05-Sep-08,147,0.0147
04-Sep-08,140,0.014
03-Sep-08,127,0.0127
02-Sep-08,127,0.0127
01-Sep-08,124,0.0124
29-Aug-08,130,0.013
28-Aug-08,124,0.0124
27-Aug-08,122,0.0122
26-Aug-08,123,0.0123
25-Aug-08,133,0.0133
22-Aug-08,138,0.0138
21-Aug-08,140,0.014
20-Aug-08,123,0.0123
19-Aug-08,124,0.0124
18-Aug-08,132,0.0132
15-Aug-08,139,0.0139
14-Aug-08,137,0.0137
13-Aug-08,124,0.0124
12-Aug-08,130,0.013
11-Aug-08,128,0.0128
08-Aug-08,135,0.0135
07-Aug-08,129,0.0129
06-Aug-08,111,0.0111
05-Aug-08,119,0.0119
04-Aug-08,123,0.0123
01-Aug-08,123,0.0123
31-Jul-08,123,0.0123
30-Jul-08,118,0.0118
29-Jul-08,112,0.0112
28-Jul-08,112,0.0112
25-Jul-08,117,0.0117
24-Jul-08,124,0.0124
23-Jul-08,114,0.0114
22-Jul-08,115,0.0115
21-Jul-08,123,0.0123
18-Jul-08,126,0.0126
17-Jul-08,123,0.0123
16-Jul-08,111,0.0111
15-Jul-08,120,0.012
14-Jul-08,123,0.0123
11-Jul-08,127,0.0127
10-Jul-08,127,0.0127
09-Jul-08,115,0.0115
08-Jul-08,115,0.0115
07-Jul-08,120,0.012
04-Jul-08,120,0.012
03-Jul-08,125,0.0125
02-Jul-08,126,0.0126
01-Jul-08,124,0.0124
30-Jun-08,127,0.0127
27-Jun-08,140,0.014
26-Jun-08,128,0.0128
25-Jun-08,107,0.0107
24-Jun-08,118,0.0118
23-Jun-08,128,0.0128
20-Jun-08,127,0.0127
19-Jun-08,121,0.0121
18-Jun-08,119,0.0119
17-Jun-08,127,0.0127
16-Jun-08,108,0.0108
13-Jun-08,130,0.013
12-Jun-08,123,0.0123
11-Jun-08,114,0.0114
10-Jun-08,119,0.0119
09-Jun-08,124,0.0124
06-Jun-08,108,0.0108
05-Jun-08,108,0.0108
04-Jun-08,108,0.0108
03-Jun-08,118,0.0118
02-Jun-08,129,0.0129
30-May-08,128,0.0128
29-May-08,128,0.0128
28-May-08,122,0.0122
27-May-08,131,0.0131
26-May-08,137,0.0137
23-May-08,138,0.0138
22-May-08,142,0.0142
21-May-08,143,0.0143
20-May-08,127,0.0127
19-May-08,125,0.0125
16-May-08,131,0.0131
15-May-08,129,0.0129
14-May-08,110,0.011
13-May-08,124,0.0124
12-May-08,128,0.0128
09-May-08,134,0.0134
08-May-08,136,0.0136
07-May-08,118,0.0118
06-May-08,126,0.0126
05-May-08,132,0.0132
02-May-08,134,0.0134
01-May-08,133,0.0133
30-Apr-08,133,0.0133
29-Apr-08,112,0.0112
28-Apr-08,107,0.0107
25-Apr-08,0,0
24-Apr-08,110,0.011
23-Apr-08,107,0.0107
22-Apr-08,110,0.011
21-Apr-08,107,0.0107
18-Apr-08,104,0.0104
17-Apr-08,108,0.0108
16-Apr-08,100,0.01
15-Apr-08,107,0.0107
14-Apr-08,110,0.011
11-Apr-08,0,0
10-Apr-08,118,0.0118
09-Apr-08,104,0.0104
08-Apr-08,112,0.0112
07-Apr-08,114,0.0114
04-Apr-08,110,0.011
03-Apr-08,111,0.0111
02-Apr-08,99,0.0099
01-Apr-08,103,0.0103
31-Mar-08,100,0.01
28-Mar-08,106,0.0106
27-Mar-08,107,0.0107
26-Mar-08,96,0.0096
25-Mar-08,106,0.0106
24-Mar-08,116,0.0116
21-Mar-08,73,0.0073
20-Mar-08,117,0.0117
19-Mar-08,114,0.0114
18-Mar-08,106,0.0106
17-Mar-08,109,0.0109
14-Mar-08,107,0.0107
13-Mar-08,94,0.0094
12-Mar-08,80,0.008
11-Mar-08,81,0.0081
10-Mar-08,88,0.0088
07-Mar-08,93,0.0093
06-Mar-08,91,0.0091
05-Mar-08,79,0.0079
04-Mar-08,78,0.0078
03-Mar-08,76,0.0076
29-Feb-08,85,0.0085
28-Feb-08,81,0.0081
27-Feb-08,69,0.0069
26-Feb-08,67,0.0067
25-Feb-08,65,0.0065
22-Feb-08,65,0.0065
21-Feb-08,71,0.0071
20-Feb-08,69,0.0069
19-Feb-08,77,0.0077
18-Feb-08,88,0.0088
15-Feb-08,91,0.0091
14-Feb-08,249,0.0249
13-Feb-08,90,0.009
12-Feb-08,96,0.0096
11-Feb-08,93,0.0093
08-Feb-08,96,0.0096
07-Feb-08,94,0.0094
06-Feb-08,73,0.0073
05-Feb-08,75,0.0075
04-Feb-08,86,0.0086
01-Feb-08,92,0.0092
31-Jan-08,89,0.0089
30-Jan-08,70,0.007
29-Jan-08,71,0.0071
28-Jan-08,77,0.0077
25-Jan-08,83,0.0083
24-Jan-08,82,0.0082
23-Jan-08,76,0.0076
22-Jan-08,73,0.0073
21-Jan-08,64,0.0064
18-Jan-08,67,0.0067
17-Jan-08,69,0.0069
16-Jan-08,55,0.0055
15-Jan-08,73,0.0073
14-Jan-08,60,0.006
11-Jan-08,61,0.0061
10-Jan-08,58,0.0058
09-Jan-08,52,0.0052
08-Jan-08,58,0.0058
07-Jan-08,59,0.0059
04-Jan-08,65,0.0065
03-Jan-08,68,0.0068
02-Jan-08,63,0.0063
01-Jan-08,85,0.0085
31-Dec-07,67,0.0067
28-Dec-07,63,0.0063
27-Dec-07,75,0.0075
26-Dec-07,63,0.0063
25-Dec-07,70,0.007
24-Dec-07,69,0.0069
21-Dec-07,67,0.0067
20-Dec-07,69,0.0069
19-Dec-07,58,0.0058
18-Dec-07,65,0.0065
17-Dec-07,64,0.0064
14-Dec-07,52,0.0052
13-Dec-07,58,0.0058
12-Dec-07,45,0.0045
11-Dec-07,49,0.0049
10-Dec-07,49,0.0049
07-Dec-07,51,0.0051
06-Dec-07,40,0.004
05-Dec-07,8,0.0008
04-Dec-07,3,0.0003
03-Dec-07,2,0.0002
30-Nov-07,29,0.0029
29-Nov-07,50,0.005
28-Nov-07,54,0.0054
27-Nov-07,70,0.007
26-Nov-07,75,0.0075
23-Nov-07,73,0.0073
22-Nov-07,77,0.0077
21-Nov-07,74,0.0074
20-Nov-07,81,0.0081
19-Nov-07,80,0.008
16-Nov-07,81,0.0081
15-Nov-07,83,0.0083
14-Nov-07,82,0.0082
13-Nov-07,73,0.0073
12-Nov-07,63,0.0063
09-Nov-07,76,0.0076
08-Nov-07,72,0.0072
07-Nov-07,63,0.0063
06-Nov-07,69,0.0069
05-Nov-07,71,0.0071
02-Nov-07,70,0.007
01-Nov-07,69,0.0069
31-Oct-07,66,0.0066
30-Oct-07,45,0.0045
29-Oct-07,65,0.0065
26-Oct-07,60,0.006
25-Oct-07,66,0.0066
24-Oct-07,51,0.0051
23-Oct-07,54,0.0054
22-Oct-07,57,0.0057
19-Oct-07,56,0.0056
18-Oct-07,61,0.0061
17-Oct-07,53,0.0053
16-Oct-07,59,0.0059
15-Oct-07,56,0.0056
12-Oct-07,57,0.0057
11-Oct-07,56,0.0056
10-Oct-07,62,0.0062
09-Oct-07,59,0.0059
08-Oct-07,70,0.007
05-Oct-07,45,0.0045
04-Oct-07,45,0.0045
03-Oct-07,45,0.0045
02-Oct-07,45,0.0045
01-Oct-07,45,0.0045
28-Sep-07,66,0.0066
27-Sep-07,45,0.0045
26-Sep-07,45,0.0045
25-Sep-07,45,0.0045
24-Sep-07,45,0.0045
21-Sep-07,45,0.0045
20-Sep-07,45,0.0045
19-Sep-07,45,0.0045
18-Sep-07,45,0.0045
17-Sep-07,45,0.0045
14-Sep-07,61,0.0061
13-Sep-07,45,0.0045
12-Sep-07,45,0.0045
11-Sep-07,45,0.0045
10-Sep-07,45,0.0045
07-Sep-07,45,0.0045
06-Sep-07,45,0.0045
05-Sep-07,45,0.0045
04-Sep-07,45,0.0045
03-Sep-07,65,0.0065
31-Aug-07,45,0.0045
30-Aug-07,45,0.0045
29-Aug-07,45,0.0045
28-Aug-07,45,0.0045
27-Aug-07,48,0.0048
24-Aug-07,60,0.006
23-Aug-07,76,0.0076
22-Aug-07,95,0.0095
21-Aug-07,89,0.0089
20-Aug-07,92,0.0092
17-Aug-07,92,0.0092
16-Aug-07,89,0.0089
15-Aug-07,98,0.0098
14-Aug-07,53,0.0053
13-Aug-07,58,0.0058
10-Aug-07,59,0.0059
09-Aug-07,91,0.0091
08-Aug-07,92,0.0092
07-Aug-07,87,0.0087
06-Aug-07,84,0.0084
03-Aug-07,102,0.0102
02-Aug-07,85,0.0085
01-Aug-07,75,0.0075
31-Jul-07,85,0.0085
30-Jul-07,85,0.0085
27-Jul-07,105,0.0105
26-Jul-07,104,0.0104
25-Jul-07,92,0.0092
24-Jul-07,81,0.0081
23-Jul-07,75,0.0075
20-Jul-07,94,0.0094
19-Jul-07,96,0.0096
18-Jul-07,97,0.0097
17-Jul-07,92,0.0092
16-Jul-07,95,0.0095
13-Jul-07,96,0.0096
12-Jul-07,90,0.009
11-Jul-07,96,0.0096
10-Jul-07,70,0.007
09-Jul-07,75,0.0075
06-Jul-07,88,0.0088
05-Jul-07,89,0.0089
04-Jul-07,60,0.006
03-Jul-07,69,0.0069
02-Jul-07,74,0.0074
29-Jun-07,96,0.0096
28-Jun-07,96,0.0096
27-Jun-07,76,0.0076
26-Jun-07,81,0.0081
25-Jun-07,84,0.0084
22-Jun-07,98,0.0098
21-Jun-07,87,0.0087
20-Jun-07,73,0.0073
19-Jun-07,71,0.0071
18-Jun-07,69,0.0069
15-Jun-07,55,0.0055
14-Jun-07,55,0.0055
13-Jun-07,66,0.0066
12-Jun-07,71,0.0071
11-Jun-07,80,0.008
08-Jun-07,83,0.0083
07-Jun-07,99,0.0099
06-Jun-07,98,0.0098
05-Jun-07,81,0.0081
04-Jun-07,67,0.0067
01-Jun-07,78,0.0078
31-May-07,60,0.006
30-May-07,61,0.0061
29-May-07,70,0.007
28-May-07,70,0.007
25-May-07,70,0.007
24-May-07,70,0.007
23-May-07,70,0.007
22-May-07,63,0.0063
21-May-07,85,0.0085
18-May-07,85,0.0085
17-May-07,85,0.0085
16-May-07,85,0.0085
15-May-07,85,0.0085
14-May-07,90,0.009
11-May-07,85,0.0085
10-May-07,85,0.0085
09-May-07,97,0.0097
08-May-07,83,0.0083
07-May-07,105,0.0105
04-May-07,95,0.0095
03-May-07,95,0.0095
02-May-07,100,0.01
01-May-07,100,0.01
30-Apr-07,100,0.01
27-Apr-07,95,0.0095
26-Apr-07,85,0.0085
25-Apr-07,95,0.0095
24-Apr-07,95,0.0095
23-Apr-07,95,0.0095
20-Apr-07,90,0.009
19-Apr-07,88,0.0088
18-Apr-07,83,0.0083
17-Apr-07,90,0.009
16-Apr-07,100,0.01
13-Apr-07,95,0.0095
12-Apr-07,100,0.01
11-Apr-07,85,0.0085
10-Apr-07,85,0.0085
09-Apr-07,90,0.009
06-Apr-07,75,0.0075
05-Apr-07,75,0.0075
04-Apr-07,75,0.0075
03-Apr-07,230,0.023
02-Apr-07,80,0.008
30-Mar-07,80,0.008
29-Mar-07,80,0.008
28-Mar-07,78,0.0078
27-Mar-07,80,0.008
26-Mar-07,88,0.0088
23-Mar-07,85,0.0085
22-Mar-07,85,0.0085
21-Mar-07,230,0.023
20-Mar-07,85,0.0085
19-Mar-07,90,0.009
16-Mar-07,90,0.009
15-Mar-07,95,0.0095
14-Mar-07,85,0.0085
13-Mar-07,85,0.0085
12-Mar-07,85,0.0085
09-Mar-07,95,0.0095
08-Mar-07,99,0.0099
07-Mar-07,83,0.0083
06-Mar-07,78,0.0078
05-Mar-07,78,0.0078
02-Mar-07,90,0.009
01-Mar-07,100,0.01
28-Feb-07,90,0.009
27-Feb-07,85,0.0085
26-Feb-07,95,0.0095
23-Feb-07,85,0.0085
22-Feb-07,90,0.009
21-Feb-07,95,0.0095
20-Feb-07,95,0.0095
19-Feb-07,95,0.0095
16-Feb-07,95,0.0095
15-Feb-07,93,0.0093
14-Feb-07,70,0.007
13-Feb-07,73,0.0073
12-Feb-07,73,0.0073
09-Feb-07,95,0.0095
08-Feb-07,95,0.0095
07-Feb-07,75,0.0075
06-Feb-07,50,0.005
05-Feb-07,70,0.007
02-Feb-07,75,0.0075
01-Feb-07,80,0.008
31-Jan-07,101,0.0101
30-Jan-07,68,0.0068
29-Jan-07,70,0.007
26-Jan-07,80,0.008
25-Jan-07,104,0.0104
24-Jan-07,105,0.0105
23-Jan-07,80,0.008
22-Jan-07,100,0.01
19-Jan-07,130,0.013
18-Jan-07,130,0.013
17-Jan-07,138,0.0138
16-Jan-07,115,0.0115
15-Jan-07,115,0.0115
12-Jan-07,115,0.0115
11-Jan-07,137,0.0137
10-Jan-07,125,0.0125
09-Jan-07,125,0.0125
08-Jan-07,130,0.013
05-Jan-07,145,0.0145
04-Jan-07,125,0.0125
03-Jan-07,125,0.0125
02-Jan-07,89,0.0089
01-Jan-07,125,0.0125
29-Dec-06,125,0.0125
28-Dec-06,130,0.013
27-Dec-06,130,0.013
26-Dec-06,130,0.013
25-Dec-06,130,0.013
22-Dec-06,130,0.013
21-Dec-06,120,0.012
20-Dec-06,120,0.012
19-Dec-06,120,0.012
18-Dec-06,130,0.013
15-Dec-06,108,0.0108
14-Dec-06,120,0.012
13-Dec-06,100,0.01
12-Dec-06,107,0.0107
11-Dec-06,120,0.012
08-Dec-06,110,0.011
07-Dec-06,110,0.011
06-Dec-06,110,0.011
05-Dec-06,121,0.0121
04-Dec-06,110,0.011
01-Dec-06,125,0.0125
30-Nov-06,132,0.0132
29-Nov-06,133,0.0133
28-Nov-06,130,0.013
27-Nov-06,140,0.014
24-Nov-06,133,0.0133
23-Nov-06,130,0.013
22-Nov-06,148,0.0148
21-Nov-06,135,0.0135
20-Nov-06,148,0.0148
17-Nov-06,149,0.0149
16-Nov-06,147,0.0147
15-Nov-06,140,0.014
14-Nov-06,140,0.014
13-Nov-06,150,0.015
10-Nov-06,135,0.0135
09-Nov-06,135,0.0135
08-Nov-06,115,0.0115
07-Nov-06,125,0.0125
06-Nov-06,135,0.0135
03-Nov-06,133,0.0133
02-Nov-06,133,0.0133
01-Nov-06,133,0.0133
31-Oct-06,127,0.0127
30-Oct-06,123,0.0123
27-Oct-06,123,0.0123
26-Oct-06,131,0.0131
25-Oct-06,123,0.0123
24-Oct-06,120,0.012
23-Oct-06,127,0.0127
20-Oct-06,123,0.0123
19-Oct-06,138,0.0138
18-Oct-06,123,0.0123
17-Oct-06,138,0.0138
16-Oct-06,138,0.0138
13-Oct-06,138,0.0138
12-Oct-06,138,0.0138
11-Oct-06,138,0.0138
10-Oct-06,140,0.014
09-Oct-06,140,0.014
06-Oct-06,140,0.014
05-Oct-06,140,0.014
04-Oct-06,130,0.013
03-Oct-06,130,0.013
02-Oct-06,140,0.014
29-Sep-06,140,0.014
28-Sep-06,120,0.012
27-Sep-06,130,0.013
26-Sep-06,148,0.0148
25-Sep-06,148,0.0148
22-Sep-06,128,0.0128
21-Sep-06,143,0.0143
20-Sep-06,141,0.0141
19-Sep-06,141,0.0141
18-Sep-06,141,0.0141
15-Sep-06,141,0.0141
14-Sep-06,130,0.013
13-Sep-06,130,0.013
12-Sep-06,133,0.0133
11-Sep-06,138,0.0138
08-Sep-06,138,0.0138
07-Sep-06,133,0.0133
06-Sep-06,138,0.0138
05-Sep-06,143,0.0143
04-Sep-06,153,0.0153
01-Sep-06,153,0.0153
31-Aug-06,153,0.0153
30-Aug-06,127,0.0127
29-Aug-06,133,0.0133
28-Aug-06,153,0.0153
25-Aug-06,153,0.0153
24-Aug-06,153,0.0153
23-Aug-06,145,0.0145
22-Aug-06,145,0.0145
21-Aug-06,145,0.0145
18-Aug-06,155,0.0155
17-Aug-06,149,0.0149
16-Aug-06,130,0.013
15-Aug-06,148,0.0148
14-Aug-06,165,0.0165
11-Aug-06,165,0.0165
10-Aug-06,165,0.0165
09-Aug-06,165,0.0165
08-Aug-06,165,0.0165
07-Aug-06,165,0.0165
04-Aug-06,165,0.0165
03-Aug-06,168,0.0168
02-Aug-06,173,0.0173
01-Aug-06,173,0.0173
31-Jul-06,183,0.0183
28-Jul-06,164,0.0164
27-Jul-06,160,0.016
26-Jul-06,164,0.0164
25-Jul-06,172,0.0172
24-Jul-06,168,0.0168
21-Jul-06,159,0.0159
20-Jul-06,164,0.0164
19-Jul-06,162,0.0162
18-Jul-06,166,0.0166
17-Jul-06,179,0.0179
14-Jul-06,168,0.0168
13-Jul-06,184,0.0184
12-Jul-06,162,0.0162
11-Jul-06,164,0.0164
10-Jul-06,194,0.0194
07-Jul-06,176,0.0176
06-Jul-06,184,0.0184
05-Jul-06,179,0.0179
04-Jul-06,97,0.0097
03-Jul-06,97,0.0097
30-Jun-06,181,0.0181
29-Jun-06,168,0.0168
28-Jun-06,178,0.0178
27-Jun-06,192,0.0192
26-Jun-06,185,0.0185
23-Jun-06,185,0.0185
22-Jun-06,186,0.0186
21-Jun-06,199,0.0199
20-Jun-06,205,0.0205
19-Jun-06,180,0.018
16-Jun-06,193,0.0193
15-Jun-06,221,0.0221
14-Jun-06,227,0.0227
13-Jun-06,217,0.0217
12-Jun-06,199,0.0199
09-Jun-06,205,0.0205
08-Jun-06,207,0.0207
07-Jun-06,206,0.0206
06-Jun-06,224,0.0224
05-Jun-06,211,0.0211
02-Jun-06,212,0.0212
01-Jun-06,210,0.021
31-May-06,216,0.0216
30-May-06,221,0.0221
29-May-06,235,0.0235
26-May-06,231,0.0231
25-May-06,247,0.0247
24-May-06,221,0.0221
23-May-06,221,0.0221
22-May-06,190,0.019
19-May-06,190,0.019
18-May-06,190,0.019
17-May-06,171,0.0171
16-May-06,183,0.0183
15-May-06,196,0.0196
12-May-06,181,0.0181
11-May-06,181,0.0181
10-May-06,164,0.0164
09-May-06,181,0.0181
08-May-06,187,0.0187
05-May-06,190,0.019
04-May-06,191,0.0191
03-May-06,174,0.0174
02-May-06,185,0.0185
01-May-06,204,0.0204
28-Apr-06,204,0.0204
27-Apr-06,191,0.0191
26-Apr-06,164,0.0164
25-Apr-06,172,0.0172
24-Apr-06,175,0.0175
21-Apr-06,176,0.0176
20-Apr-06,176,0.0176
19-Apr-06,175,0.0175
18-Apr-06,159,0.0159
17-Apr-06,195,0.0195
14-Apr-06,195,0.0195
13-Apr-06,195,0.0195
12-Apr-06,165,0.0165
11-Apr-06,165,0.0165
10-Apr-06,165,0.0165
07-Apr-06,160,0.016
06-Apr-06,165,0.0165
05-Apr-06,145,0.0145
04-Apr-06,158,0.0158
03-Apr-06,169,0.0169
31-Mar-06,171,0.0171
30-Mar-06,173,0.0173
29-Mar-06,178,0.0178
28-Mar-06,178,0.0178
27-Mar-06,182,0.0182
24-Mar-06,187,0.0187
23-Mar-06,186,0.0186
22-Mar-06,178,0.0178
21-Mar-06,188,0.0188
20-Mar-06,205,0.0205
17-Mar-06,185,0.0185
16-Mar-06,186,0.0186
15-Mar-06,181,0.0181
14-Mar-06,190,0.019
13-Mar-06,205,0.0205
10-Mar-06,217,0.0217
09-Mar-06,220,0.022
08-Mar-06,213,0.0213
07-Mar-06,206,0.0206
06-Mar-06,215,0.0215
03-Mar-06,213,0.0213
02-Mar-06,208,0.0208
01-Mar-06,204,0.0204
28-Feb-06,213,0.0213
27-Feb-06,211,0.0211
24-Feb-06,229,0.0229
23-Feb-06,208,0.0208
22-Feb-06,163,0.0163
21-Feb-06,142,0.0142
20-Feb-06,143,0.0143
17-Feb-06,143,0.0143
16-Feb-06,145,0.0145
15-Feb-06,156,0.0156
14-Feb-06,153,0.0153
13-Feb-06,150,0.015
10-Feb-06,153,0.0153
09-Feb-06,161,0.0161
08-Feb-06,162,0.0162
07-Feb-06,157,0.0157
06-Feb-06,155,0.0155
03-Feb-06,160,0.016
02-Feb-06,152,0.0152
01-Feb-06,147,0.0147
31-Jan-06,144,0.0144
30-Jan-06,159,0.0159
27-Jan-06,138,0.0138
26-Jan-06,170,0.017
25-Jan-06,186,0.0186
24-Jan-06,195,0.0195
23-Jan-06,210,0.021
20-Jan-06,223,0.0223
19-Jan-06,232,0.0232
18-Jan-06,214,0.0214
17-Jan-06,221,0.0221
16-Jan-06,233,0.0233
13-Jan-06,219,0.0219
12-Jan-06,218,0.0218
11-Jan-06,195,0.0195
10-Jan-06,213,0.0213
09-Jan-06,224,0.0224
06-Jan-06,234,0.0234
05-Jan-06,233,0.0233
04-Jan-06,216,0.0216
03-Jan-06,232,0.0232
02-Jan-06,246,0.0246
30-Dec-05,246,0.0246
29-Dec-05,246,0.0246
28-Dec-05,228,0.0228
27-Dec-05,240,0.024
26-Dec-05,258,0.0258
23-Dec-05,258,0.0258
22-Dec-05,258,0.0258
21-Dec-05,234,0.0234
20-Dec-05,246,0.0246
19-Dec-05,262,0.0262
16-Dec-05,245,0.0245
15-Dec-05,245,0.0245
14-Dec-05,226,0.0226
13-Dec-05,236,0.0236
12-Dec-05,241,0.0241
09-Dec-05,233,0.0233
08-Dec-05,225,0.0225
07-Dec-05,190,0.019
06-Dec-05,210,0.021
05-Dec-05,240,0.024
02-Dec-05,248,0.0248
01-Dec-05,246,0.0246
30-Nov-05,230,0.023
29-Nov-05,235,0.0235
28-Nov-05,249,0.0249
25-Nov-05,248,0.0248
24-Nov-05,253,0.0253
23-Nov-05,253,0.0253
22-Nov-05,245,0.0245
21-Nov-05,245,0.0245
18-Nov-05,250,0.025
17-Nov-05,240,0.024
16-Nov-05,230,0.023
15-Nov-05,252,0.0252
14-Nov-05,245,0.0245
11-Nov-05,240,0.024
10-Nov-05,240,0.024
09-Nov-05,220,0.022
08-Nov-05,225,0.0225
07-Nov-05,238,0.0238
04-Nov-05,240,0.024
03-Nov-05,245,0.0245
02-Nov-05,240,0.024
01-Nov-05,240,0.024
31-Oct-05,260,0.026
28-Oct-05,255,0.0255
27-Oct-05,255,0.0255
26-Oct-05,230,0.023
25-Oct-05,245,0.0245
24-Oct-05,255,0.0255
21-Oct-05,260,0.026
20-Oct-05,260,0.026
19-Oct-05,225,0.0225
18-Oct-05,243,0.0243
17-Oct-05,250,0.025
14-Oct-05,265,0.0265
13-Oct-05,280,0.028
12-Oct-05,250,0.025
11-Oct-05,250,0.025
10-Oct-05,293,0.0293
07-Oct-05,300,0.03
06-Oct-05,310,0.031
05-Oct-05,245,0.0245
04-Oct-05,310,0.031
03-Oct-05,270,0.027
30-Sep-05,280,0.028
29-Sep-05,280,0.028
28-Sep-05,260,0.026
27-Sep-05,285,0.0285
26-Sep-05,283,0.0283
23-Sep-05,285,0.0285
22-Sep-05,285,0.0285
21-Sep-05,270,0.027
20-Sep-05,275,0.0275
19-Sep-05,280,0.028
16-Sep-05,277,0.0277
15-Sep-05,277,0.0277
14-Sep-05,267,0.0267
13-Sep-05,278,0.0278
12-Sep-05,288,0.0288
09-Sep-05,290,0.029
08-Sep-05,300,0.03
07-Sep-05,300,0.03
06-Sep-05,317,0.0317
05-Sep-05,325,0.0325
02-Sep-05,335,0.0335
01-Sep-05,315,0.0315
31-Aug-05,320,0.032
30-Aug-05,315,0.0315
29-Aug-05,315,0.0315
26-Aug-05,350,0.035
25-Aug-05,343,0.0343
24-Aug-05,315,0.0315
23-Aug-05,315,0.0315
22-Aug-05,330,0.033
19-Aug-05,318,0.0318
18-Aug-05,310,0.031
17-Aug-05,277,0.0277
16-Aug-05,290,0.029
15-Aug-05,310,0.031
12-Aug-05,322,0.0322
11-Aug-05,295,0.0295
10-Aug-05,265,0.0265
09-Aug-05,290,0.029
08-Aug-05,300,0.03
05-Aug-05,317,0.0317
04-Aug-05,335,0.0335
03-Aug-05,340,0.034
02-Aug-05,365,0.0365
01-Aug-05,360,0.036
29-Jul-05,345,0.0345
28-Jul-05,310,0.031
27-Jul-05,340,0.034
26-Jul-05,313,0.0313
25-Jul-05,325,0.0325
22-Jul-05,318,0.0318
21-Jul-05,277,0.0277
20-Jul-05,277,0.0277
19-Jul-05,287,0.0287
18-Jul-05,302,0.0302
15-Jul-05,310,0.031
14-Jul-05,310,0.031
13-Jul-05,277,0.0277
12-Jul-05,295,0.0295
11-Jul-05,316,0.0316
08-Jul-05,325,0.0325
07-Jul-05,325,0.0325
06-Jul-05,295,0.0295
05-Jul-05,308,0.0308
04-Jul-05,305,0.0305
01-Jul-05,305,0.0305
30-Jun-05,360,0.036
29-Jun-05,280,0.028
28-Jun-05,295,0.0295
27-Jun-05,300,0.03
24-Jun-05,315,0.0315
23-Jun-05,320,0.032
22-Jun-05,301,0.0301
21-Jun-05,315,0.0315
20-Jun-05,320,0.032
17-Jun-05,320,0.032
16-Jun-05,332,0.0332
15-Jun-05,330,0.033
14-Jun-05,340,0.034
13-Jun-05,340,0.034
10-Jun-05,340,0.034
09-Jun-05,327,0.0327
08-Jun-05,320,0.032
07-Jun-05,325,0.0325
06-Jun-05,325,0.0325
03-Jun-05,310,0.031
02-Jun-05,315,0.0315
01-Jun-05,315,0.0315
31-May-05,330,0.033
30-May-05,318,0.0318
27-May-05,315,0.0315
26-May-05,315,0.0315
25-May-05,315,0.0315
24-May-05,300,0.03
23-May-05,310,0.031
20-May-05,315,0.0315
19-May-05,315,0.0315
18-May-05,290,0.029
17-May-05,305,0.0305
16-May-05,315,0.0315
13-May-05,320,0.032
12-May-05,320,0.032
11-May-05,295,0.0295
10-May-05,300,0.03
09-May-05,310,0.031
06-May-05,320,0.032
05-May-05,314,0.0314
04-May-05,290,0.029
03-May-05,310,0.031
02-May-05,355,0.0355
29-Apr-05,330,0.033
28-Apr-05,316,0.0316
27-Apr-05,320,0.032
26-Apr-05,325,0.0325
25-Apr-05,325,0.0325
22-Apr-05,350,0.035
21-Apr-05,325,0.0325
20-Apr-05,325,0.0325
19-Apr-05,325,0.0325
18-Apr-05,325,0.0325
15-Apr-05,325,0.0325
14-Apr-05,325,0.0325
13-Apr-05,325,0.0325
12-Apr-05,335,0.0335
11-Apr-05,310,0.031
08-Apr-05,320,0.032
07-Apr-05,325,0.0325
06-Apr-05,315,0.0315
05-Apr-05,350,0.035
04-Apr-05,325,0.0325
01-Apr-05,335,0.0335
31-Mar-05,329,0.0329
30-Mar-05,335,0.0335
29-Mar-05,335,0.0335
28-Mar-05,335,0.0335
25-Mar-05,335,0.0335
24-Mar-05,335,0.0335
23-Mar-05,310,0.031
22-Mar-05,320,0.032
21-Mar-05,240,0.024
18-Mar-05,325,0.0325
17-Mar-05,310,0.031
16-Mar-05,315,0.0315
15-Mar-05,240,0.024
14-Mar-05,240,0.024
11-Mar-05,324,0.0324
10-Mar-05,335,0.0335
09-Mar-05,290,0.029
08-Mar-05,240,0.024
07-Mar-05,326,0.0326
04-Mar-05,240,0.024
03-Mar-05,240,0.024
02-Mar-05,240,0.024
01-Mar-05,240,0.024
28-Feb-05,240,0.024
25-Feb-05,240,0.024
24-Feb-05,310,0.031
23-Feb-05,240,0.024
22-Feb-05,240,0.024
21-Feb-05,273,0.0273
18-Feb-05,285,0.0285
17-Feb-05,240,0.024
16-Feb-05,240,0.024
15-Feb-05,240,0.024
14-Feb-05,280,0.028
11-Feb-05,240,0.024
10-Feb-05,290,0.029
09-Feb-05,285,0.0285
08-Feb-05,240,0.024
07-Feb-05,240,0.024
04-Feb-05,240,0.024
03-Feb-05,270,0.027
02-Feb-05,240,0.024
01-Feb-05,240,0.024
31-Jan-05,255,0.0255
28-Jan-05,300,0.03
27-Jan-05,300,0.03
26-Jan-05,300,0.03
25-Jan-05,300,0.03
24-Jan-05,300,0.03
21-Jan-05,300,0.03
20-Jan-05,320,0.032
19-Jan-05,315,0.0315
18-Jan-05,300,0.03
17-Jan-05,315,0.0315
14-Jan-05,290,0.029
13-Jan-05,290,0.029
12-Jan-05,290,0.029
11-Jan-05,290,0.029
10-Jan-05,290,0.029
07-Jan-05,290,0.029
06-Jan-05,290,0.029
05-Jan-05,290,0.029
04-Jan-05,330,0.033
03-Jan-05,378,0.0378
31-Dec-04,360,0.036
30-Dec-04,378,0.0378
29-Dec-04,348,0.0348
28-Dec-04,348,0.0348
27-Dec-04,375,0.0375
24-Dec-04,348,0.0348
23-Dec-04,348,0.0348
22-Dec-04,348,0.0348
21-Dec-04,348,0.0348
20-Dec-04,348,0.0348
17-Dec-04,348,0.0348
16-Dec-04,335,0.0335
15-Dec-04,370,0.037
14-Dec-04,370,0.037
13-Dec-04,340,0.034
10-Dec-04,370,0.037
09-Dec-04,300,0.03
08-Dec-04,300,0.03
07-Dec-04,300,0.03
06-Dec-04,300,0.03
03-Dec-04,300,0.03
02-Dec-04,300,0.03
01-Dec-04,300,0.03
30-Nov-04,300,0.03
29-Nov-04,330,0.033
26-Nov-04,330,0.033
25-Nov-04,370,0.037
24-Nov-04,330,0.033
23-Nov-04,330,0.033
22-Nov-04,330,0.033
19-Nov-04,330,0.033
18-Nov-04,330,0.033
17-Nov-04,325,0.0325
16-Nov-04,330,0.033
15-Nov-04,330,0.033
12-Nov-04,310,0.031
11-Nov-04,330,0.033
10-Nov-04,310,0.031
09-Nov-04,310,0.031
08-Nov-04,310,0.031
05-Nov-04,310,0.031
04-Nov-04,310,0.031
03-Nov-04,310,0.031
02-Nov-04,310,0.031
01-Nov-04,380,0.038
29-Oct-04,310,0.031
28-Oct-04,300,0.03
27-Oct-04,310,0.031
26-Oct-04,310,0.031
25-Oct-04,310,0.031
22-Oct-04,310,0.031
21-Oct-04,310,0.031
20-Oct-04,330,0.033
19-Oct-04,370,0.037
18-Oct-04,375,0.0375
15-Oct-04,355,0.0355
14-Oct-04,290,0.029
13-Oct-04,310,0.031
12-Oct-04,325,0.0325
11-Oct-04,335,0.0335
08-Oct-04,335,0.0335
07-Oct-04,335,0.0335
06-Oct-04,310,0.031
05-Oct-04,315,0.0315
04-Oct-04,310,0.031
01-Oct-04,320,0.032
30-Sep-04,310,0.031
29-Sep-04,310,0.031
28-Sep-04,340,0.034
27-Sep-04,310,0.031
24-Sep-04,340,0.034
23-Sep-04,340,0.034
22-Sep-04,340,0.034
21-Sep-04,340,0.034
20-Sep-04,340,0.034
17-Sep-04,340,0.034
16-Sep-04,315,0.0315
15-Sep-04,340,0.034
14-Sep-04,300,0.03
13-Sep-04,345,0.0345
10-Sep-04,300,0.03
09-Sep-04,300,0.03
08-Sep-04,300,0.03
07-Sep-04,300,0.03
06-Sep-04,300,0.03
03-Sep-04,300,0.03
02-Sep-04,300,0.03
01-Sep-04,300,0.03
31-Aug-04,335,0.0335
30-Aug-04,335,0.0335
27-Aug-04,335,0.0335
26-Aug-04,345,0.0345
25-Aug-04,345,0.0345
24-Aug-04,355,0.0355
23-Aug-04,355,0.0355
20-Aug-04,355,0.0355
19-Aug-04,365,0.0365
18-Aug-04,365,0.0365
17-Aug-04,365,0.0365
16-Aug-04,365,0.0365
13-Aug-04,365,0.0365
12-Aug-04,365,0.0365
11-Aug-04,365,0.0365
10-Aug-04,365,0.0365
09-Aug-04,395,0.0395
06-Aug-04,365,0.0365
05-Aug-04,365,0.0365
04-Aug-04,365,0.0365
03-Aug-04,365,0.0365
02-Aug-04,365,0.0365
30-Jul-04,370,0.037
29-Jul-04,360,0.036
28-Jul-04,370,0.037
27-Jul-04,370,0.037
26-Jul-04,410,0.041
23-Jul-04,370,0.037
22-Jul-04,370,0.037
21-Jul-04,370,0.037
20-Jul-04,370,0.037
19-Jul-04,425,0.0425
16-Jul-04,370,0.037
15-Jul-04,370,0.037
14-Jul-04,370,0.037
13-Jul-04,370,0.037
12-Jul-04,370,0.037
09-Jul-04,370,0.037
08-Jul-04,370,0.037
07-Jul-04,370,0.037
06-Jul-04,370,0.037
05-Jul-04,410,0.041
02-Jul-04,410,0.041
01-Jul-04,410,0.041
30-Jun-04,415,0.0415
29-Jun-04,415,0.0415
28-Jun-04,410,0.041
25-Jun-04,410,0.041
24-Jun-04,410,0.041
23-Jun-04,445,0.0445
22-Jun-04,440,0.044
21-Jun-04,440,0.044
18-Jun-04,440,0.044
17-Jun-04,440,0.044
16-Jun-04,445,0.0445
15-Jun-04,420,0.042
14-Jun-04,475,0.0475
11-Jun-04,475,0.0475
10-Jun-04,475,0.0475
09-Jun-04,475,0.0475
08-Jun-04,475,0.0475
07-Jun-04,475,0.0475
04-Jun-04,405,0.0405
03-Jun-04,485,0.0485
02-Jun-04,485,0.0485
01-Jun-04,500,0.05
31-May-04,500,0.05
28-May-04,500,0.05
27-May-04,480,0.048
26-May-04,480,0.048
25-May-04,480,0.048
24-May-04,480,0.048
21-May-04,480,0.048
20-May-04,480,0.048
19-May-04,405,0.0405
18-May-04,445,0.0445
17-May-04,480,0.048
14-May-04,480,0.048
13-May-04,445,0.0445
12-May-04,410,0.041
11-May-04,430,0.043
10-May-04,430,0.043
07-May-04,395,0.0395
06-May-04,395,0.0395
05-May-04,395,0.0395
04-May-04,395,0.0395
03-May-04,395,0.0395
30-Apr-04,360,0.036
29-Apr-04,375,0.0375
28-Apr-04,305,0.0305
27-Apr-04,360,0.036
26-Apr-04,360,0.036
23-Apr-04,360,0.036
22-Apr-04,360,0.036
21-Apr-04,360,0.036
20-Apr-04,360,0.036
19-Apr-04,340,0.034
16-Apr-04,340,0.034
15-Apr-04,340,0.034
14-Apr-04,340,0.034
13-Apr-04,340,0.034
12-Apr-04,340,0.034
09-Apr-04,340,0.034
08-Apr-04,340,0.034
07-Apr-04,340,0.034
06-Apr-04,340,0.034
05-Apr-04,340,0.034
02-Apr-04,340,0.034
01-Apr-04,340,0.034
31-Mar-04,340,0.034
30-Mar-04,340,0.034
29-Mar-04,340,0.034
26-Mar-04,340,0.034
25-Mar-04,340,0.034
24-Mar-04,340,0.034
23-Mar-04,340,0.034
22-Mar-04,340,0.034
19-Mar-04,340,0.034
18-Mar-04,340,0.034
17-Mar-04,340,0.034
16-Mar-04,350,0.035
15-Mar-04,350,0.035
12-Mar-04,370,0.037
11-Mar-04,350,0.035
10-Mar-04,370,0.037
09-Mar-04,370,0.037
08-Mar-04,370,0.037
05-Mar-04,360,0.036
04-Mar-04,330,0.033
03-Mar-04,350,0.035
02-Mar-04,365,0.0365
01-Mar-04,373,0.0373
27-Feb-04,370,0.037
26-Feb-04,373,0.0373
25-Feb-04,380,0.038
24-Feb-04,320,0.032
23-Feb-04,320,0.032
20-Feb-04,320,0.032
19-Feb-04,295,0.0295
18-Feb-04,300,0.03
17-Feb-04,295,0.0295
16-Feb-04,295,0.0295
13-Feb-04,295,0.0295
12-Feb-04,280,0.028
11-Feb-04,300,0.03
10-Feb-04,295,0.0295
09-Feb-04,280,0.028
06-Feb-04,300,0.03
05-Feb-04,293,0.0293
04-Feb-04,280,0.028
03-Feb-04,310,0.031
02-Feb-04,285,0.0285
30-Jan-04,310,0.031
29-Jan-04,280,0.028
28-Jan-04,270,0.027
27-Jan-04,305,0.0305
26-Jan-04,275,0.0275
23-Jan-04,270,0.027
22-Jan-04,290,0.029
21-Jan-04,280,0.028
20-Jan-04,295,0.0295
19-Jan-04,295,0.0295
16-Jan-04,300,0.03
15-Jan-04,270,0.027
14-Jan-04,248,0.0248
13-Jan-04,285,0.0285
12-Jan-04,310,0.031
09-Jan-04,285,0.0285
08-Jan-04,325,0.0325
07-Jan-04,325,0.0325
06-Jan-04,325,0.0325
05-Jan-04,325,0.0325
02-Jan-04,320,0.032
01-Jan-04,320,0.032
31-Dec-03,320,0.032
30-Dec-03,405,0.0405
29-Dec-03,405,0.0405
26-Dec-03,405,0.0405
25-Dec-03,285,0.0285
24-Dec-03,285,0.0285
23-Dec-03,285,0.0285
22-Dec-03,405,0.0405
19-Dec-03,273,0.0273
18-Dec-03,273,0.0273
17-Dec-03,445,0.0445
16-Dec-03,405,0.0405
15-Dec-03,405,0.0405
12-Dec-03,405,0.0405
11-Dec-03,445,0.0445
10-Dec-03,440,0.044
09-Dec-03,440,0.044
08-Dec-03,440,0.044
05-Dec-03,430,0.043
04-Dec-03,430,0.043
