Date,Line(QPLN1M=)
28-Mar-17,6.25
27-Mar-17,8
24-Mar-17,8.9
23-Mar-17,10
22-Mar-17,10.75
21-Mar-17,10.85
20-Mar-17,13.5
17-Mar-17,15
16-Mar-17,15.5
15-Mar-17,15.75
14-Mar-17,16.1
13-Mar-17,17.5
10-Mar-17,16.75
09-Mar-17,17
08-Mar-17,18
07-Mar-17,19
06-Mar-17,19.3
03-Mar-17,18.25
02-Mar-17,18.1
01-Mar-17,18.75
28-Feb-17,20.57
27-Feb-17,21.5
24-Feb-17,23.33
23-Feb-17,21.15
22-Feb-17,21.25
21-Feb-17,22
20-Feb-17,22.5
17-Feb-17,22.9
16-Feb-17,22.9
15-Feb-17,22.5
14-Feb-17,22
13-Feb-17,22
10-Feb-17,21.7
09-Feb-17,21.5
08-Feb-17,21.62
07-Feb-17,20.76
06-Feb-17,20
03-Feb-17,20.23
02-Feb-17,19.75
01-Feb-17,19.58
31-Jan-17,19.61
30-Jan-17,19.13
27-Jan-17,19.43
26-Jan-17,19.48
25-Jan-17,22.5
24-Jan-17,23.38
23-Jan-17,20.01
20-Jan-17,18.02
19-Jan-17,19.25
18-Jan-17,21.5
17-Jan-17,22
16-Jan-17,23.37
13-Jan-17,21.44
12-Jan-17,22.37
11-Jan-17,23
10-Jan-17,24.85
09-Jan-17,26.93
06-Jan-17,25.54
05-Jan-17,26.3
04-Jan-17,25.25
03-Jan-17,26
02-Jan-17,27.5
30-Dec-16,25.2
29-Dec-16,25.25
28-Dec-16,22.01
27-Dec-16,21.55
26-Dec-16,22.25
23-Dec-16,22.22
22-Dec-16,20.02
21-Dec-16,19.5
20-Dec-16,18.81
19-Dec-16,18
16-Dec-16,15.08
15-Dec-16,14.51
14-Dec-16,15.25
13-Dec-16,16.37
12-Dec-16,17.24
09-Dec-16,15.98
08-Dec-16,17.77
07-Dec-16,17.39
06-Dec-16,17.73
05-Dec-16,18.9
02-Dec-16,18.25
01-Dec-16,16.75
30-Nov-16,16.01
29-Nov-16,16.26
28-Nov-16,23.5
25-Nov-16,23.13
24-Nov-16,23.95
23-Nov-16,24.5
22-Nov-16,26.75
21-Nov-16,26.01
18-Nov-16,25.13
17-Nov-16,23
16-Nov-16,27.13
15-Nov-16,29
14-Nov-16,27.25
11-Nov-16,27.01
10-Nov-16,27.01
09-Nov-16,27.56
08-Nov-16,30.25
07-Nov-16,29.25
04-Nov-16,29.23
03-Nov-16,29.83
02-Nov-16,30.09
01-Nov-16,30.97
31-Oct-16,29.18
28-Oct-16,28
27-Oct-16,27.3
26-Oct-16,28.19
25-Oct-16,29.13
24-Oct-16,30.64
21-Oct-16,27.87
20-Oct-16,28.5
19-Oct-16,27.25
18-Oct-16,28.25
17-Oct-16,29.5
14-Oct-16,27.46
13-Oct-16,27.4
12-Oct-16,27
11-Oct-16,27.5
10-Oct-16,28.25
07-Oct-16,29.28
06-Oct-16,29
05-Oct-16,27
04-Oct-16,28.01
03-Oct-16,28.51
30-Sep-16,27.37
29-Sep-16,27.5
28-Sep-16,21.51
27-Sep-16,22.62
26-Sep-16,20.7
23-Sep-16,18.75
22-Sep-16,18.5
21-Sep-16,24
20-Sep-16,24.5
19-Sep-16,24.5
16-Sep-16,25.13
15-Sep-16,25.25
14-Sep-16,26.13
13-Sep-16,25.75
12-Sep-16,24
09-Sep-16,24
08-Sep-16,24.2
07-Sep-16,27
06-Sep-16,28.75
05-Sep-16,26.5
02-Sep-16,25.76
01-Sep-16,25.13
31-Aug-16,25.62
30-Aug-16,26.5
29-Aug-16,25
26-Aug-16,25.51
25-Aug-16,26.5
24-Aug-16,26.75
23-Aug-16,28.92
22-Aug-16,28.94
19-Aug-16,26.25
18-Aug-16,26
17-Aug-16,25.87
16-Aug-16,25.5
15-Aug-16,27.26
12-Aug-16,27.7
11-Aug-16,26.25
10-Aug-16,26.5
09-Aug-16,27.26
08-Aug-16,27.7
05-Aug-16,26.17
04-Aug-16,26.93
03-Aug-16,30.25
02-Aug-16,32.5
01-Aug-16,33.13
29-Jul-16,32.67
28-Jul-16,30.75
27-Jul-16,32.92
26-Jul-16,30.33
25-Jul-16,30.13
22-Jul-16,29.88
21-Jul-16,31.13
20-Jul-16,31.64
19-Jul-16,33
18-Jul-16,34.9
15-Jul-16,32.54
14-Jul-16,32.2
13-Jul-16,34.01
12-Jul-16,36.27
11-Jul-16,36.75
08-Jul-16,33.37
07-Jul-16,33.64
06-Jul-16,33.75
05-Jul-16,34.72
04-Jul-16,34.52
01-Jul-16,32.94
30-Jun-16,32.5
29-Jun-16,29.07
28-Jun-16,23.44
27-Jun-16,24.5
24-Jun-16,20
23-Jun-16,23.5
22-Jun-16,25.22
21-Jun-16,28.44
20-Jun-16,29.23
17-Jun-16,29.8
16-Jun-16,31.78
15-Jun-16,29.9
14-Jun-16,30.73
13-Jun-16,27.97
10-Jun-16,27.75
09-Jun-16,27.93
08-Jun-16,28.74
07-Jun-16,31.62
06-Jun-16,31.5
03-Jun-16,31.47
02-Jun-16,30.5
01-Jun-16,32.3
31-May-16,32.06
30-May-16,27.22
27-May-16,27.5
26-May-16,27.55
25-May-16,28.18
24-May-16,29
23-May-16,31.21
20-May-16,29.93
19-May-16,29.07
18-May-16,29.82
17-May-16,30.82
16-May-16,30.22
13-May-16,29.37
12-May-16,28.77
11-May-16,29.64
10-May-16,30.25
09-May-16,30.8
06-May-16,27.4
05-May-16,26
04-May-16,25.72
03-May-16,27.09
02-May-16,26.79
29-Apr-16,26.97
28-Apr-16,26.94
27-Apr-16,24.3
26-Apr-16,25.34
25-Apr-16,22.34
22-Apr-16,22.99
21-Apr-16,22.37
20-Apr-16,23.75
19-Apr-16,24.32
18-Apr-16,22.23
15-Apr-16,23.05
14-Apr-16,22.36
13-Apr-16,23.65
12-Apr-16,22.27
11-Apr-16,20.63
08-Apr-16,18.63
07-Apr-16,17.93
06-Apr-16,20.32
05-Apr-16,18.18
04-Apr-16,16.77
01-Apr-16,16.32
31-Mar-16,15.8
30-Mar-16,19.09
29-Mar-16,12.16
28-Mar-16,13.25
25-Mar-16,12.58
24-Mar-16,12.88
23-Mar-16,16.05
22-Mar-16,16.8
21-Mar-16,17.02
18-Mar-16,16.42
17-Mar-16,19.43
16-Mar-16,21.22
15-Mar-16,22.66
14-Mar-16,22.5
11-Mar-16,21.23
10-Mar-16,18.67
09-Mar-16,19.38
08-Mar-16,19.41
07-Mar-16,18.61
04-Mar-16,14.42
03-Mar-16,15.17
02-Mar-16,14.54
01-Mar-16,11.19
29-Feb-16,12.14
26-Feb-16,13.53
25-Feb-16,13.2
24-Feb-16,13.53
23-Feb-16,13.36
22-Feb-16,13.44
19-Feb-16,14
18-Feb-16,18.89
17-Feb-16,22.4
16-Feb-16,21.66
15-Feb-16,21.86
12-Feb-16,23.03
11-Feb-16,20.8
10-Feb-16,22.77
09-Feb-16,22.63
08-Feb-16,24
05-Feb-16,23.35
04-Feb-16,23.41
03-Feb-16,24.71
02-Feb-16,22.72
01-Feb-16,21.76
29-Jan-16,21.37
28-Jan-16,23.18
27-Jan-16,27.43
26-Jan-16,29.36
25-Jan-16,25.8
22-Jan-16,25.61
21-Jan-16,23.7
20-Jan-16,27.41
19-Jan-16,32.51
18-Jan-16,34.1
15-Jan-16,31.48
14-Jan-16,31.62
13-Jan-16,33.03
12-Jan-16,34
11-Jan-16,34.41
08-Jan-16,31.4
07-Jan-16,31.28
06-Jan-16,32.38
05-Jan-16,29.9
04-Jan-16,30.25
01-Jan-16,29.03
31-Dec-15,28.83
30-Dec-15,27.39
29-Dec-15,19.54
28-Dec-15,21
25-Dec-15,21.01
24-Dec-15,21.16
23-Dec-15,20.44
22-Dec-15,23.2
21-Dec-15,24.7
18-Dec-15,25.64
17-Dec-15,24.29
16-Dec-15,26.73
15-Dec-15,29.08
14-Dec-15,27.74
11-Dec-15,26.27
10-Dec-15,25.17
09-Dec-15,24.98
08-Dec-15,25.79
07-Dec-15,25.88
04-Dec-15,23.72
03-Dec-15,26.03
02-Dec-15,22.59
01-Dec-15,28.7
30-Nov-15,28.8
27-Nov-15,29.69
26-Nov-15,37.58
25-Nov-15,38.83
24-Nov-15,38.23
23-Nov-15,40.29
20-Nov-15,35.74
19-Nov-15,36.55
18-Nov-15,38.76
17-Nov-15,41.15
16-Nov-15,39.12
13-Nov-15,39.55
12-Nov-15,39.28
11-Nov-15,40.04
10-Nov-15,39.7
09-Nov-15,41.41
06-Nov-15,39.24
05-Nov-15,38.99
04-Nov-15,39.78
03-Nov-15,40.03
02-Nov-15,38.06
30-Oct-15,38.24
29-Oct-15,38.01
28-Oct-15,37.29
27-Oct-15,40.12
26-Oct-15,40.66
23-Oct-15,38.07
22-Oct-15,38.83
21-Oct-15,35.52
20-Oct-15,38.44
19-Oct-15,39.37
16-Oct-15,37.29
15-Oct-15,38.99
14-Oct-15,39.02
13-Oct-15,37.95
12-Oct-15,40.61
09-Oct-15,37.08
08-Oct-15,37.2
07-Oct-15,40.15
06-Oct-15,42.25
05-Oct-15,43.45
02-Oct-15,37.42
01-Oct-15,36.61
30-Sep-15,36.55
29-Sep-15,38.03
28-Sep-15,36.87
25-Sep-15,35.42
24-Sep-15,33.47
23-Sep-15,34.36
22-Sep-15,35.77
21-Sep-15,35.88
18-Sep-15,33.91
17-Sep-15,33.95
16-Sep-15,32.3
15-Sep-15,36.37
14-Sep-15,32.3
11-Sep-15,32.55
10-Sep-15,33.42
09-Sep-15,36.93
08-Sep-15,38.5
07-Sep-15,35
04-Sep-15,34.84
03-Sep-15,34.9
02-Sep-15,36
01-Sep-15,37.5
31-Aug-15,35.48
28-Aug-15,35.35
27-Aug-15,35.37
26-Aug-15,37.76
25-Aug-15,36.74
24-Aug-15,38.69
21-Aug-15,36.67
20-Aug-15,37.08
19-Aug-15,36.75
18-Aug-15,38.88
17-Aug-15,39.75
14-Aug-15,37.62
13-Aug-15,37.17
12-Aug-15,37.38
11-Aug-15,39.22
10-Aug-15,40.2
07-Aug-15,37.5
06-Aug-15,37.82
05-Aug-15,38.6
04-Aug-15,39
03-Aug-15,39.1
31-Jul-15,35.51
30-Jul-15,35.38
29-Jul-15,35.15
28-Jul-15,36.4
27-Jul-15,37.8
24-Jul-15,36.81
23-Jul-15,36
22-Jul-15,35.2
21-Jul-15,36.1
20-Jul-15,37
17-Jul-15,33.82
16-Jul-15,32.8
15-Jul-15,32.06
14-Jul-15,34.83
13-Jul-15,36.78
10-Jul-15,34.62
09-Jul-15,32.03
08-Jul-15,34.23
07-Jul-15,33.5
06-Jul-15,35.48
03-Jul-15,34.05
02-Jul-15,32.21
01-Jul-15,32.47
30-Jun-15,32.02
29-Jun-15,31.93
26-Jun-15,30.56
25-Jun-15,29.85
24-Jun-15,31.96
23-Jun-15,32.74
22-Jun-15,30.73
19-Jun-15,30.8
18-Jun-15,31.17
17-Jun-15,32.1
16-Jun-15,34.23
15-Jun-15,32.6
12-Jun-15,32.03
11-Jun-15,31.7
10-Jun-15,31.19
09-Jun-15,33.65
08-Jun-15,31.7
05-Jun-15,31.63
04-Jun-15,29.98
03-Jun-15,29.62
02-Jun-15,30.88
01-Jun-15,31.2
29-May-15,32.47
28-May-15,34.37
27-May-15,36.16
26-May-15,36.42
25-May-15,37.1
22-May-15,33.73
21-May-15,33.51
20-May-15,33.25
19-May-15,32.92
18-May-15,33.47
15-May-15,30.75
14-May-15,31.25
13-May-15,32.1
12-May-15,33.22
11-May-15,34.85
08-May-15,32.99
07-May-15,35.7
06-May-15,36
05-May-15,39.33
04-May-15,39.35
01-May-15,38.98
30-Apr-15,38.19
29-Apr-15,38.62
28-Apr-15,35.52
27-Apr-15,37.41
24-Apr-15,37.75
23-Apr-15,38
22-Apr-15,40.25
21-Apr-15,42.13
20-Apr-15,38.5
17-Apr-15,38.25
16-Apr-15,38.25
15-Apr-15,40
14-Apr-15,40.75
13-Apr-15,37.5
10-Apr-15,37.38
09-Apr-15,37.3
08-Apr-15,39.4
07-Apr-15,41
06-Apr-15,39.5
03-Apr-15,39.48
02-Apr-15,39.6
01-Apr-15,41
31-Mar-15,40.9
30-Mar-15,41.5
27-Mar-15,37.7
26-Mar-15,39
25-Mar-15,39.91
24-Mar-15,41.5
23-Mar-15,43.5
20-Mar-15,41.21
19-Mar-15,41.62
18-Mar-15,42.7
17-Mar-15,43.75
16-Mar-15,44
13-Mar-15,40.75
12-Mar-15,39.6
11-Mar-15,39.75
10-Mar-15,40.75
09-Mar-15,42.5
06-Mar-15,40.4
05-Mar-15,40.7
04-Mar-15,42.5
03-Mar-15,48.8
02-Mar-15,51
27-Feb-15,46.6
26-Feb-15,47.25
25-Feb-15,48.75
24-Feb-15,43
23-Feb-15,43.5
20-Feb-15,44
19-Feb-15,44
18-Feb-15,45.5
17-Feb-15,46.4
16-Feb-15,46.9
13-Feb-15,45.94
12-Feb-15,45.86
11-Feb-15,46.75
10-Feb-15,47
09-Feb-15,46.75
06-Feb-15,46.25
05-Feb-15,46.76
04-Feb-15,46.76
03-Feb-15,43
02-Feb-15,42.38
30-Jan-15,42.6
29-Jan-15,42.5
28-Jan-15,42.25
27-Jan-15,43.75
26-Jan-15,46
23-Jan-15,49.5
22-Jan-15,51
21-Jan-15,51.5
20-Jan-15,51
19-Jan-15,48.79
16-Jan-15,43.7
15-Jan-15,52.5
14-Jan-15,55
13-Jan-15,54.9
12-Jan-15,57.44
09-Jan-15,53.1
08-Jan-15,53.2
07-Jan-15,53
06-Jan-15,54.3
05-Jan-15,54
02-Jan-15,55
01-Jan-15,50.7
31-Dec-14,50.7
30-Dec-14,50.2
29-Dec-14,48.9
26-Dec-14,50.2
25-Dec-14,50.3
24-Dec-14,50.2
23-Dec-14,50.4
22-Dec-14,52.9
19-Dec-14,49.88
18-Dec-14,49.4
17-Dec-14,49.7
16-Dec-14,50.5
15-Dec-14,51.5
12-Dec-14,47.7
11-Dec-14,47.6
10-Dec-14,48
09-Dec-14,49.3
08-Dec-14,50.7
05-Dec-14,48
04-Dec-14,48.45
03-Dec-14,48.64
02-Dec-14,49.74
01-Dec-14,50.5
28-Nov-14,47.4
27-Nov-14,49.03
26-Nov-14,51.5
25-Nov-14,51.5
24-Nov-14,52.3
21-Nov-14,54
20-Nov-14,48.2
19-Nov-14,50.9
18-Nov-14,53.9
17-Nov-14,50.7
14-Nov-14,51
13-Nov-14,50.5
12-Nov-14,53
11-Nov-14,54.9
10-Nov-14,54.5
07-Nov-14,50.6
06-Nov-14,50.2
05-Nov-14,51
04-Nov-14,47.3
03-Nov-14,45.5
31-Oct-14,45.5
30-Oct-14,45.5
29-Oct-14,42.1
28-Oct-14,44.5
27-Oct-14,46.2
24-Oct-14,48
23-Oct-14,48.83
22-Oct-14,47.5
21-Oct-14,49.5
20-Oct-14,50.5
17-Oct-14,47.7
16-Oct-14,48
15-Oct-14,49.3
14-Oct-14,51
13-Oct-14,54
10-Oct-14,51.75
09-Oct-14,51.75
08-Oct-14,53.2
07-Oct-14,59
06-Oct-14,61
03-Oct-14,57
02-Oct-14,57.75
01-Oct-14,58.5
30-Sep-14,58.5
29-Sep-14,59.5
26-Sep-14,55.7
25-Sep-14,53.68
24-Sep-14,58.5
23-Sep-14,62
22-Sep-14,61
19-Sep-14,61.86
18-Sep-14,61.38
17-Sep-14,63.36
16-Sep-14,64.61
15-Sep-14,61.37
12-Sep-14,60.8
11-Sep-14,61.1
10-Sep-14,68.21
09-Sep-14,68.33
08-Sep-14,62
05-Sep-14,61.5
04-Sep-14,61
03-Sep-14,63.6
02-Sep-14,64
01-Sep-14,60.2
29-Aug-14,60.01
28-Aug-14,60.61
27-Aug-14,64.35
26-Aug-14,63.8
25-Aug-14,66.38
22-Aug-14,62.5
21-Aug-14,62.21
20-Aug-14,62.85
19-Aug-14,64.4
18-Aug-14,66.5
15-Aug-14,62.5
14-Aug-14,62.5
13-Aug-14,62.5
12-Aug-14,65.3
11-Aug-14,67.5
08-Aug-14,63.5
07-Aug-14,63.1
06-Aug-14,63
05-Aug-14,59.53
04-Aug-14,65.8
01-Aug-14,62.5
31-Jul-14,61.6
30-Jul-14,63.3
29-Jul-14,57.2
28-Jul-14,58.7
25-Jul-14,60.63
24-Jul-14,61
23-Jul-14,61.05
22-Jul-14,63.37
21-Jul-14,65.3
18-Jul-14,61.6
17-Jul-14,61.6
16-Jul-14,61.6
15-Jul-14,63.2
14-Jul-14,65
11-Jul-14,67
10-Jul-14,60.9
09-Jul-14,61.06
08-Jul-14,63.35
07-Jul-14,65.05
04-Jul-14,60.85
03-Jul-14,60.86
02-Jul-14,60.7
01-Jul-14,62.9
30-Jun-14,65
27-Jun-14,60.9
26-Jun-14,61.1
25-Jun-14,61.3
24-Jun-14,63
23-Jun-14,58.81
20-Jun-14,59
19-Jun-14,58.5
18-Jun-14,58.75
17-Jun-14,60.5
16-Jun-14,59
13-Jun-14,58.3
12-Jun-14,58.39
11-Jun-14,59.84
10-Jun-14,61.35
09-Jun-14,57.8
06-Jun-14,58.14
05-Jun-14,58.56
04-Jun-14,60.5
03-Jun-14,62.3
02-Jun-14,64.2
30-May-14,58.5
29-May-14,59.42
28-May-14,61.2
27-May-14,63.3
26-May-14,65
23-May-14,61
22-May-14,61
21-May-14,61.25
20-May-14,62.94
19-May-14,64.6
16-May-14,60.7
15-May-14,63.2
14-May-14,60.3
13-May-14,61.9
12-May-14,63.7
09-May-14,60.08
08-May-14,59.46
07-May-14,59.21
06-May-14,61.01
05-May-14,63.25
02-May-14,59.68
01-May-14,59.67
30-Apr-14,60
29-Apr-14,60.57
28-Apr-14,58.5
25-Apr-14,58.7
24-Apr-14,58.75
23-Apr-14,62.13
22-Apr-14,64.26
21-Apr-14,58.5
18-Apr-14,58.39
17-Apr-14,58.5
16-Apr-14,60.5
15-Apr-14,62.4
14-Apr-14,58.5
11-Apr-14,58.5
10-Apr-14,58.5
09-Apr-14,60.4
08-Apr-14,62.3
07-Apr-14,58.3
04-Apr-14,58.1
03-Apr-14,58
02-Apr-14,60.25
01-Apr-14,62.12
31-Mar-14,58.38
28-Mar-14,60.5
27-Mar-14,58.25
26-Mar-14,60.13
25-Mar-14,62.1
24-Mar-14,63.7
21-Mar-14,59.75
20-Mar-14,59.87
19-Mar-14,61.7
18-Mar-14,64
17-Mar-14,65.75
14-Mar-14,60.01
13-Mar-14,60.3
12-Mar-14,60.3
11-Mar-14,62.01
10-Mar-14,63.8
07-Mar-14,59.88
06-Mar-14,60
05-Mar-14,60
04-Mar-14,61.8
03-Mar-14,63.35
28-Feb-14,59.25
27-Feb-14,59.25
26-Feb-14,59.5
25-Feb-14,53.5
24-Feb-14,53.5
21-Feb-14,53.75
20-Feb-14,53.75
19-Feb-14,53.75
18-Feb-14,53.75
17-Feb-14,54.63
14-Feb-14,55
13-Feb-14,55.5
12-Feb-14,55.5
11-Feb-14,55.5
10-Feb-14,55.5
07-Feb-14,55.75
06-Feb-14,56.25
05-Feb-14,56.38
04-Feb-14,56.5
03-Feb-14,57.51
31-Jan-14,59
30-Jan-14,57.98
29-Jan-14,56.75
28-Jan-14,57.5
27-Jan-14,60.5
24-Jan-14,62.25
23-Jan-14,60.9
22-Jan-14,60.5
21-Jan-14,62.5
20-Jan-14,64.51
17-Jan-14,60.5
16-Jan-14,60.5
15-Jan-14,62.13
14-Jan-14,64
13-Jan-14,66
10-Jan-14,60.5
09-Jan-14,60.5
08-Jan-14,60
07-Jan-14,61.62
06-Jan-14,63.75
03-Jan-14,63.5
02-Jan-14,59.5
01-Jan-14,59.21
31-Dec-13,59.3
30-Dec-13,62
27-Dec-13,57
26-Dec-13,57.01
25-Dec-13,57
24-Dec-13,57.01
23-Dec-13,57
20-Dec-13,56.5
19-Dec-13,56.46
18-Dec-13,57.83
17-Dec-13,60.62
16-Dec-13,63
13-Dec-13,59.38
12-Dec-13,59.5
11-Dec-13,59.5
10-Dec-13,62
09-Dec-13,64
06-Dec-13,59.75
05-Dec-13,59.5
04-Dec-13,61.5
03-Dec-13,63.5
02-Dec-13,65.5
29-Nov-13,59.08
28-Nov-13,58.65
27-Nov-13,62
26-Nov-13,62.08
25-Nov-13,59.5
22-Nov-13,61.5
21-Nov-13,64
20-Nov-13,62.5
19-Nov-13,64.36
18-Nov-13,60.17
15-Nov-13,59.78
14-Nov-13,59.5
13-Nov-13,60.76
12-Nov-13,62.5
11-Nov-13,58.5
08-Nov-13,58
07-Nov-13,58
06-Nov-13,60
05-Nov-13,62.5
04-Nov-13,59
01-Nov-13,58.17
31-Oct-13,58.5
30-Oct-13,58
29-Oct-13,56
28-Oct-13,57.48
25-Oct-13,58.63
24-Oct-13,60.25
23-Oct-13,58.12
22-Oct-13,60.2
21-Oct-13,62.26
18-Oct-13,59.75
17-Oct-13,59.75
16-Oct-13,59.69
15-Oct-13,61.76
14-Oct-13,63.13
11-Oct-13,59.25
10-Oct-13,59.5
09-Oct-13,61.01
08-Oct-13,63.99
07-Oct-13,66
04-Oct-13,59.01
03-Oct-13,59
02-Oct-13,59
01-Oct-13,59.5
30-Sep-13,61.5
27-Sep-13,63.39
26-Sep-13,57
25-Sep-13,57
24-Sep-13,59
23-Sep-13,55.92
20-Sep-13,56
19-Sep-13,55.13
18-Sep-13,58.94
17-Sep-13,61.5
16-Sep-13,57.5
13-Sep-13,57.88
12-Sep-13,57.63
11-Sep-13,62.25
10-Sep-13,64.5
09-Sep-13,60
06-Sep-13,59.69
05-Sep-13,58
04-Sep-13,60
03-Sep-13,63.62
02-Sep-13,58.5
30-Aug-13,58.61
29-Aug-13,58.77
28-Aug-13,60.5
27-Aug-13,61.5
26-Aug-13,62.58
23-Aug-13,59.01
22-Aug-13,59
21-Aug-13,58.47
20-Aug-13,60.01
19-Aug-13,61
16-Aug-13,56.88
15-Aug-13,57.51
14-Aug-13,56.88
13-Aug-13,56.75
12-Aug-13,61.62
09-Aug-13,59
08-Aug-13,59.12
07-Aug-13,59.25
06-Aug-13,61.5
05-Aug-13,64.25
02-Aug-13,60.75
01-Aug-13,60.88
31-Jul-13,63.25
30-Jul-13,65.25
29-Jul-13,58.75
26-Jul-13,60.75
25-Jul-13,61
24-Jul-13,60
23-Jul-13,62.88
22-Jul-13,66.51
19-Jul-13,62.5
18-Jul-13,62.5
17-Jul-13,63.01
16-Jul-13,65
15-Jul-13,66.51
12-Jul-13,63
11-Jul-13,63.75
10-Jul-13,63.5
09-Jul-13,66.25
08-Jul-13,69.13
05-Jul-13,65
04-Jul-13,64.7
03-Jul-13,65
02-Jul-13,63.5
01-Jul-13,67.75
28-Jun-13,65
27-Jun-13,65
26-Jun-13,69.75
25-Jun-13,67.5
24-Jun-13,64
21-Jun-13,65
20-Jun-13,65.5
19-Jun-13,65.75
18-Jun-13,67.5
17-Jun-13,63.74
14-Jun-13,63.75
13-Jun-13,66.99
12-Jun-13,70
11-Jun-13,73
10-Jun-13,68.5
07-Jun-13,68.5
06-Jun-13,69.5
05-Jun-13,71.12
04-Jun-13,73
03-Jun-13,70.5
31-May-13,76.01
30-May-13,71.9
29-May-13,70.5
28-May-13,67.55
27-May-13,72.18
24-May-13,75.13
23-May-13,74.44
22-May-13,75.37
21-May-13,77.01
20-May-13,79.43
17-May-13,74.63
16-May-13,73.94
15-May-13,73.58
14-May-13,74.23
13-May-13,76.64
10-May-13,72.1
09-May-13,70.92
08-May-13,71.09
07-May-13,74.16
06-May-13,76.17
03-May-13,71.83
02-May-13,71.88
01-May-13,72.62
30-Apr-13,72.62
29-Apr-13,74.45
26-Apr-13,72.38
25-Apr-13,70.72
24-Apr-13,76.56
23-Apr-13,80.47
22-Apr-13,72.05
19-Apr-13,72
18-Apr-13,73.38
17-Apr-13,77.14
16-Apr-13,79.92
15-Apr-13,75.86
12-Apr-13,75.88
11-Apr-13,76.13
10-Apr-13,79.75
09-Apr-13,81.88
08-Apr-13,77.51
05-Apr-13,78.06
04-Apr-13,79.07
03-Apr-13,82.38
02-Apr-13,85
01-Apr-13,87.25
29-Mar-13,87
28-Mar-13,79.25
27-Mar-13,85
26-Mar-13,86.19
25-Mar-13,86.25
22-Mar-13,81.06
21-Mar-13,80
20-Mar-13,80.5
19-Mar-13,81
18-Mar-13,84.81
15-Mar-13,81.1
14-Mar-13,81.44
13-Mar-13,82.38
12-Mar-13,84.92
11-Mar-13,87.52
08-Mar-13,82.37
07-Mar-13,83.42
06-Mar-13,85.55
05-Mar-13,95.13
04-Mar-13,98.5
01-Mar-13,91.84
28-Feb-13,91.95
27-Feb-13,94.53
26-Feb-13,86.09
25-Feb-13,82.69
22-Feb-13,82.69
21-Feb-13,82.66
20-Feb-13,81.96
19-Feb-13,81.71
18-Feb-13,82.69
15-Feb-13,83.17
14-Feb-13,83.5
13-Feb-13,83.88
12-Feb-13,83.75
11-Feb-13,84.28
08-Feb-13,83.66
07-Feb-13,84.08
06-Feb-13,84.92
05-Feb-13,83.09
04-Feb-13,85.54
01-Feb-13,85
31-Jan-13,87.5
30-Jan-13,87.5
29-Jan-13,87.5
28-Jan-13,89.5
25-Jan-13,93
24-Jan-13,96.73
23-Jan-13,96.33
22-Jan-13,99.74
21-Jan-13,100.88
18-Jan-13,96.38
17-Jan-13,92.87
16-Jan-13,98.63
15-Jan-13,101
14-Jan-13,104
11-Jan-13,95.63
10-Jan-13,99.77
09-Jan-13,99.75
08-Jan-13,101.09
07-Jan-13,107
04-Jan-13,102
03-Jan-13,102.34
02-Jan-13,103
01-Jan-13,105.51
31-Dec-12,104.55
28-Dec-12,107.84
27-Dec-12,99.49
26-Dec-12,97.5
25-Dec-12,97
24-Dec-12,97.25
21-Dec-12,101.46
20-Dec-12,95.57
19-Dec-12,100.13
18-Dec-12,104.2
17-Dec-12,108
14-Dec-12,101.75
13-Dec-12,103.5
12-Dec-12,103.55
11-Dec-12,109
10-Dec-12,112.75
07-Dec-12,105.75
06-Dec-12,105.25
05-Dec-12,105.21
04-Dec-12,103
03-Dec-12,106.5
30-Nov-12,101.55
29-Nov-12,104
28-Nov-12,111
27-Nov-12,115.8
26-Nov-12,110.25
23-Nov-12,111
22-Nov-12,115.1
21-Nov-12,116.75
20-Nov-12,118
19-Nov-12,113.5
16-Nov-12,114.75
15-Nov-12,114
14-Nov-12,120
13-Nov-12,123.5
12-Nov-12,113.4
09-Nov-12,112.67
08-Nov-12,112.75
07-Nov-12,117.22
06-Nov-12,121.83
05-Nov-12,115.25
02-Nov-12,115.5
01-Nov-12,116
31-Oct-12,115.5
30-Oct-12,120
29-Oct-12,118
26-Oct-12,119.95
25-Oct-12,120.33
24-Oct-12,120.42
23-Oct-12,126.25
22-Oct-12,130.92
19-Oct-12,123.9
18-Oct-12,128.95
17-Oct-12,125.5
16-Oct-12,132
15-Oct-12,133.7
12-Oct-12,124.05
11-Oct-12,122.65
10-Oct-12,128.38
09-Oct-12,132.3
08-Oct-12,135.6
05-Oct-12,123.72
04-Oct-12,125
03-Oct-12,123.05
02-Oct-12,122.5
01-Oct-12,128.75
28-Sep-12,122.34
27-Sep-12,126.53
26-Sep-12,131.96
25-Sep-12,128
24-Sep-12,119.25
21-Sep-12,117.96
20-Sep-12,116.25
19-Sep-12,119.55
18-Sep-12,123.25
17-Sep-12,116.09
14-Sep-12,116.63
13-Sep-12,119.38
12-Sep-12,125.19
11-Sep-12,132
10-Sep-12,123.75
07-Sep-12,123
06-Sep-12,123
05-Sep-12,130
04-Sep-12,130
03-Sep-12,119.5
31-Aug-12,120.55
30-Aug-12,121
29-Aug-12,115.75
28-Aug-12,119.25
27-Aug-12,122.5
24-Aug-12,124.65
23-Aug-12,124.25
22-Aug-12,125.3
21-Aug-12,129.75
20-Aug-12,134.05
17-Aug-12,126.05
16-Aug-12,125.65
15-Aug-12,127.23
14-Aug-12,127.7
13-Aug-12,130.25
10-Aug-12,126.5
09-Aug-12,125.5
08-Aug-12,125.25
07-Aug-12,127.25
06-Aug-12,130.25
03-Aug-12,123
02-Aug-12,125.2
01-Aug-12,127.25
31-Jul-12,133.05
30-Jul-12,136.29
27-Jul-12,124
26-Jul-12,124.3
25-Jul-12,126.4
24-Jul-12,130.5
23-Jul-12,134.12
20-Jul-12,127
19-Jul-12,127.5
18-Jul-12,127.45
17-Jul-12,131.2
16-Jul-12,136
13-Jul-12,127
12-Jul-12,125.99
11-Jul-12,125
10-Jul-12,129.23
09-Jul-12,133
06-Jul-12,125.75
05-Jul-12,125.99
04-Jul-12,126
03-Jul-12,130
02-Jul-12,131
29-Jun-12,127.29
28-Jun-12,129.49
27-Jun-12,133.8
26-Jun-12,133.5
25-Jun-12,125
22-Jun-12,124.3
21-Jun-12,124.79
20-Jun-12,128.7
19-Jun-12,133.8
18-Jun-12,127.2
15-Jun-12,124.65
14-Jun-12,124.65
13-Jun-12,129.5
12-Jun-12,134.15
11-Jun-12,128.1
08-Jun-12,125.95
07-Jun-12,125.15
06-Jun-12,126.25
05-Jun-12,131.27
04-Jun-12,126.95
01-Jun-12,128.31
31-May-12,132.66
30-May-12,132.46
29-May-12,121.83
28-May-12,124.08
25-May-12,128.41
24-May-12,126.7
23-May-12,126.4
22-May-12,130.35
21-May-12,132
18-May-12,124.65
17-May-12,126
16-May-12,122.45
15-May-12,125.55
14-May-12,127.55
11-May-12,117.7
10-May-12,115
09-May-12,115.55
08-May-12,112.85
07-May-12,114.81
04-May-12,109
03-May-12,111.1
02-May-12,110.02
01-May-12,107.65
30-Apr-12,106.3
27-Apr-12,113.15
26-Apr-12,107.25
25-Apr-12,110.55
24-Apr-12,114.36
23-Apr-12,104.9
20-Apr-12,106.93
19-Apr-12,107.9
18-Apr-12,111.39
17-Apr-12,114.43
16-Apr-12,107.44
13-Apr-12,106.39
12-Apr-12,105.26
11-Apr-12,108.97
10-Apr-12,112.3
09-Apr-12,104.91
06-Apr-12,104.9
05-Apr-12,104.8
04-Apr-12,106.07
03-Apr-12,108.12
02-Apr-12,101.51
30-Mar-12,104.15
29-Mar-12,102.5
28-Mar-12,106
27-Mar-12,110.22
26-Mar-12,112.22
23-Mar-12,105.08
22-Mar-12,105.25
21-Mar-12,115.17
20-Mar-12,108.73
19-Mar-12,111.23
16-Mar-12,104.6
15-Mar-12,105.51
14-Mar-12,104.33
13-Mar-12,106.21
12-Mar-12,108.1
09-Mar-12,102.2
08-Mar-12,102.1
07-Mar-12,107.75
06-Mar-12,109.45
05-Mar-12,111
02-Mar-12,101.35
01-Mar-12,103.6
29-Feb-12,104
28-Feb-12,106.6
27-Feb-12,98.71
24-Feb-12,95.22
23-Feb-12,95.96
22-Feb-12,102.65
21-Feb-12,95.57
20-Feb-12,95.29
17-Feb-12,95.95
16-Feb-12,95.53
15-Feb-12,103.5
14-Feb-12,95.71
13-Feb-12,96.2
10-Feb-12,97.66
09-Feb-12,96.21
08-Feb-12,105.2
07-Feb-12,96.99
06-Feb-12,98.18
03-Feb-12,96.14
02-Feb-12,99.56
01-Feb-12,102.54
31-Jan-12,100.54
30-Jan-12,98.51
27-Jan-12,94.87
26-Jan-12,99.52
25-Jan-12,104.26
24-Jan-12,108.55
23-Jan-12,113.35
20-Jan-12,106.75
19-Jan-12,103.45
18-Jan-12,117.3
17-Jan-12,122.1
16-Jan-12,126.4
13-Jan-12,116.9
12-Jan-12,113.8
11-Jan-12,118.8
10-Jan-12,121.65
09-Jan-12,126.35
06-Jan-12,118.55
05-Jan-12,116.45
04-Jan-12,117.4
03-Jan-12,115
02-Jan-12,107.35
30-Dec-11,101.44
29-Dec-11,98.91
28-Dec-11,92.22
27-Dec-11,90.39
26-Dec-11,94.38
23-Dec-11,94.81
22-Dec-11,87.49
21-Dec-11,83.95
20-Dec-11,87.59
19-Dec-11,96.73
16-Dec-11,85.3
15-Dec-11,87.28
14-Dec-11,86.44
13-Dec-11,87.94
12-Dec-11,94.07
09-Dec-11,89.79
08-Dec-11,92.19
07-Dec-11,94.34
06-Dec-11,97.87
05-Dec-11,99.33
02-Dec-11,104.05
01-Dec-11,97.31
30-Nov-11,106
29-Nov-11,108.85
28-Nov-11,111.05
25-Nov-11,114.25
24-Nov-11,111
23-Nov-11,121.75
22-Nov-11,119.6
21-Nov-11,112.6
18-Nov-11,111.9
17-Nov-11,110.25
16-Nov-11,113.55
15-Nov-11,116.85
14-Nov-11,109.6
11-Nov-11,107.55
10-Nov-11,107.2
09-Nov-11,108.75
08-Nov-11,112
07-Nov-11,106.65
04-Nov-11,106.45
03-Nov-11,105.9
02-Nov-11,104.4
01-Nov-11,113.6
31-Oct-11,113.7
28-Oct-11,103.9
27-Oct-11,102.8
26-Oct-11,109.3
25-Oct-11,113.25
24-Oct-11,116.65
21-Oct-11,111.75
20-Oct-11,113.25
19-Oct-11,109.35
18-Oct-11,112.85
17-Oct-11,116.9
14-Oct-11,108.2
13-Oct-11,108.1
12-Oct-11,109.85
11-Oct-11,113.35
10-Oct-11,117
07-Oct-11,122.45
06-Oct-11,122.55
05-Oct-11,110.65
04-Oct-11,115.75
03-Oct-11,117.05
30-Sep-11,111.85
29-Sep-11,108.05
28-Sep-11,111.35
27-Sep-11,114.5
26-Sep-11,106.9
23-Sep-11,105.95
22-Sep-11,109
21-Sep-11,114.4
20-Sep-11,112.6
19-Sep-11,105.35
16-Sep-11,101.82
15-Sep-11,103.6
14-Sep-11,106.95
13-Sep-11,111.45
12-Sep-11,101.95
09-Sep-11,100.34
08-Sep-11,100.14
07-Sep-11,99.91
06-Sep-11,105.25
05-Sep-11,95.77
02-Sep-11,94.78
01-Sep-11,94.8
31-Aug-11,97.12
30-Aug-11,98.81
29-Aug-11,92.55
26-Aug-11,95.25
25-Aug-11,97.51
24-Aug-11,97.02
23-Aug-11,98.19
22-Aug-11,102
19-Aug-11,93.99
18-Aug-11,93.96
17-Aug-11,95.5
16-Aug-11,96
15-Aug-11,97.04
12-Aug-11,96.5
11-Aug-11,90
10-Aug-11,91.23
09-Aug-11,95.45
08-Aug-11,97.5
05-Aug-11,89
04-Aug-11,86
03-Aug-11,89.5
02-Aug-11,93.5
01-Aug-11,99
29-Jul-11,91
28-Jul-11,90.5
27-Jul-11,96
26-Jul-11,92
25-Jul-11,95
22-Jul-11,89.5
21-Jul-11,89.5
20-Jul-11,90.5
19-Jul-11,92.5
18-Jul-11,92
15-Jul-11,86
14-Jul-11,88
13-Jul-11,90
12-Jul-11,92
11-Jul-11,96.82
08-Jul-11,89.55
07-Jul-11,90
06-Jul-11,88.28
05-Jul-11,91.5
04-Jul-11,93.5
01-Jul-11,88
30-Jun-11,88.5
29-Jun-11,88.5
28-Jun-11,83.75
27-Jun-11,83
24-Jun-11,80
23-Jun-11,82.43
22-Jun-11,83.24
21-Jun-11,88.84
20-Jun-11,82.74
17-Jun-11,81.78
16-Jun-11,83.25
15-Jun-11,85.51
14-Jun-11,85.62
13-Jun-11,78.61
10-Jun-11,78.94
09-Jun-11,78.69
08-Jun-11,82.29
07-Jun-11,82.04
06-Jun-11,75.54
03-Jun-11,74
02-Jun-11,73.87
01-Jun-11,80.25
31-May-11,83.18
30-May-11,76
27-May-11,75.36
26-May-11,74.21
25-May-11,75.69
24-May-11,78.35
23-May-11,80
20-May-11,76
19-May-11,79.57
18-May-11,78.17
17-May-11,80.46
16-May-11,84.49
13-May-11,81.19
12-May-11,79.12
11-May-11,78.89
10-May-11,77.11
09-May-11,82.23
06-May-11,75.63
05-May-11,78.23
04-May-11,77.04
03-May-11,76.59
02-May-11,78.77
29-Apr-11,80.98
28-Apr-11,77.94
27-Apr-11,78.96
26-Apr-11,82.61
25-Apr-11,75.57
22-Apr-11,74.86
21-Apr-11,77.71
20-Apr-11,77.08
19-Apr-11,80.14
18-Apr-11,75.08
15-Apr-11,74.36
14-Apr-11,72.88
13-Apr-11,75.55
12-Apr-11,78.36
11-Apr-11,75.03
08-Apr-11,75.69
07-Apr-11,78.3
06-Apr-11,79.76
05-Apr-11,78.05
04-Apr-11,74.61
01-Apr-11,73.25
31-Mar-11,72.71
30-Mar-11,76.69
29-Mar-11,70.89
28-Mar-11,71.19
25-Mar-11,72.48
24-Mar-11,70.99
23-Mar-11,73.51
22-Mar-11,72.75
21-Mar-11,77.77
18-Mar-11,70.77
17-Mar-11,69.61
16-Mar-11,71.86
15-Mar-11,74.43
14-Mar-11,78.69
11-Mar-11,70
10-Mar-11,70.75
09-Mar-11,70.85
08-Mar-11,73.63
07-Mar-11,73.58
04-Mar-11,69.22
03-Mar-11,69.37
02-Mar-11,67.5
01-Mar-11,72.96
28-Feb-11,73.74
25-Feb-11,71.22
24-Feb-11,71
23-Feb-11,64.25
22-Feb-11,64.19
21-Feb-11,62.61
18-Feb-11,62.02
17-Feb-11,62.17
16-Feb-11,62.66
15-Feb-11,62.75
14-Feb-11,61.73
11-Feb-11,63.03
10-Feb-11,63.03
09-Feb-11,63.39
08-Feb-11,63.58
07-Feb-11,64.11
04-Feb-11,64.05
03-Feb-11,64.63
02-Feb-11,64.38
01-Feb-11,62.36
31-Jan-11,65.4
28-Jan-11,65.5
27-Jan-11,66
26-Jan-11,72.67
25-Jan-11,75
24-Jan-11,77.22
21-Jan-11,74.24
20-Jan-11,76.02
19-Jan-11,74.68
18-Jan-11,78.09
17-Jan-11,79.52
14-Jan-11,72.05
13-Jan-11,73.08
12-Jan-11,74.77
11-Jan-11,76.06
10-Jan-11,78.5
07-Jan-11,73.26
06-Jan-11,70.61
05-Jan-11,69.36
04-Jan-11,66.61
03-Jan-11,65.58
31-Dec-10,58.23
30-Dec-10,61.72
29-Dec-10,58.1
28-Dec-10,60.82
27-Dec-10,64.56
24-Dec-10,62.16
23-Dec-10,58.96
22-Dec-10,59.8
21-Dec-10,61.82
20-Dec-10,63.5
17-Dec-10,59.5
16-Dec-10,60.3
15-Dec-10,63.52
14-Dec-10,65.72
13-Dec-10,70
10-Dec-10,63.5
09-Dec-10,62
08-Dec-10,60.61
07-Dec-10,62.26
06-Dec-10,64.21
03-Dec-10,62.48
02-Dec-10,61.48
01-Dec-10,59.46
30-Nov-10,60.07
29-Nov-10,62.5
26-Nov-10,54.12
25-Nov-10,55.46
24-Nov-10,61.55
23-Nov-10,64.33
22-Nov-10,59.79
19-Nov-10,60.5
18-Nov-10,60.23
17-Nov-10,61.35
16-Nov-10,65.49
15-Nov-10,60.39
12-Nov-10,62.37
11-Nov-10,60.5
10-Nov-10,60.97
09-Nov-10,63.2
08-Nov-10,61
05-Nov-10,60.04
04-Nov-10,60.35
03-Nov-10,61.48
02-Nov-10,63.89
01-Nov-10,60.55
29-Oct-10,61
28-Oct-10,62.2
27-Oct-10,66.11
26-Oct-10,65
25-Oct-10,65.86
22-Oct-10,61.91
21-Oct-10,64
20-Oct-10,62.23
19-Oct-10,64.49
18-Oct-10,65.16
15-Oct-10,59.42
14-Oct-10,61.13
13-Oct-10,62.3
12-Oct-10,62.63
11-Oct-10,64.81
08-Oct-10,60
07-Oct-10,58.57
06-Oct-10,56.73
05-Oct-10,61.44
04-Oct-10,58.5
01-Oct-10,60.08
30-Sep-10,66.37
29-Sep-10,68.98
28-Sep-10,61.06
27-Sep-10,64.25
24-Sep-10,63.21
23-Sep-10,67.45
22-Sep-10,67.56
21-Sep-10,70.19
20-Sep-10,66.38
17-Sep-10,67.34
16-Sep-10,71.97
15-Sep-10,69.19
14-Sep-10,71.63
13-Sep-10,67.88
10-Sep-10,68.78
09-Sep-10,69.26
08-Sep-10,72.76
07-Sep-10,75.6
06-Sep-10,69.37
03-Sep-10,68.5
02-Sep-10,69.51
01-Sep-10,72.33
31-Aug-10,74.72
30-Aug-10,70.27
27-Aug-10,68.52
26-Aug-10,71.5
25-Aug-10,70.47
24-Aug-10,73.36
23-Aug-10,79.75
20-Aug-10,72.36
19-Aug-10,73.88
18-Aug-10,72.87
17-Aug-10,75.58
16-Aug-10,77.25
13-Aug-10,73.69
12-Aug-10,71.39
11-Aug-10,71.15
10-Aug-10,70.29
09-Aug-10,72.81
06-Aug-10,69.94
05-Aug-10,68.3
04-Aug-10,68.51
03-Aug-10,70.61
02-Aug-10,72.36
30-Jul-10,66.05
29-Jul-10,67.19
28-Jul-10,69.11
27-Jul-10,67.05
26-Jul-10,72
23-Jul-10,65.88
22-Jul-10,66.02
21-Jul-10,62.63
20-Jul-10,67.57
19-Jul-10,70.56
16-Jul-10,69.1
15-Jul-10,66.5
14-Jul-10,71.52
13-Jul-10,73.98
12-Jul-10,77.7
09-Jul-10,70
08-Jul-10,70.68
07-Jul-10,71.01
06-Jul-10,73.88
05-Jul-10,76.82
02-Jul-10,72.74
01-Jul-10,73.06
30-Jun-10,73.12
29-Jun-10,76.05
28-Jun-10,70.66
25-Jun-10,70.09
24-Jun-10,71.16
23-Jun-10,72.04
22-Jun-10,79
21-Jun-10,72.37
18-Jun-10,71.55
17-Jun-10,69.72
16-Jun-10,74.58
15-Jun-10,78.22
14-Jun-10,74.28
11-Jun-10,74.5
10-Jun-10,72.35
09-Jun-10,76.04
08-Jun-10,79.71
07-Jun-10,77.15
04-Jun-10,75.41
03-Jun-10,71.28
02-Jun-10,70.21
01-Jun-10,70.44
31-May-10,66
28-May-10,65.26
27-May-10,62.17
26-May-10,67.5
25-May-10,64.5
24-May-10,73.35
21-May-10,70.5
20-May-10,73.58
19-May-10,72.86
18-May-10,73.58
17-May-10,73.58
14-May-10,68.16
13-May-10,68.85
12-May-10,69.7
11-May-10,71
10-May-10,73.55
07-May-10,70.29
06-May-10,73.63
05-May-10,71.65
04-May-10,75.7
03-May-10,70.76
30-Apr-10,73
29-Apr-10,67.04
28-Apr-10,60.1
27-Apr-10,64.42
26-Apr-10,65.91
23-Apr-10,65.61
22-Apr-10,64.61
21-Apr-10,65.08
20-Apr-10,69.49
19-Apr-10,65.61
16-Apr-10,65.02
15-Apr-10,65.65
14-Apr-10,69.48
13-Apr-10,71.94
12-Apr-10,68.8
09-Apr-10,67.85
08-Apr-10,69.71
07-Apr-10,71.83
06-Apr-10,72.5
05-Apr-10,74.25
02-Apr-10,68.05
01-Apr-10,68.27
31-Mar-10,74.36
30-Mar-10,74.92
29-Mar-10,69
26-Mar-10,70.68
25-Mar-10,71.29
24-Mar-10,69
23-Mar-10,72.36
22-Mar-10,66.5
19-Mar-10,69
18-Mar-10,72.33
17-Mar-10,71.43
16-Mar-10,71.83
15-Mar-10,74.87
12-Mar-10,67.57
11-Mar-10,70.47
10-Mar-10,69.5
09-Mar-10,72.25
08-Mar-10,75.75
05-Mar-10,73.5
04-Mar-10,74.5
03-Mar-10,76.21
02-Mar-10,78.81
01-Mar-10,79.77
26-Feb-10,72.25
25-Feb-10,72.95
24-Feb-10,76.4
23-Feb-10,67.7
22-Feb-10,66.42
19-Feb-10,66.5
18-Feb-10,64.31
17-Feb-10,64.17
16-Feb-10,62.28
15-Feb-10,63.94
12-Feb-10,63.17
11-Feb-10,63.17
10-Feb-10,63.97
09-Feb-10,63.63
08-Feb-10,65.07
05-Feb-10,65.28
04-Feb-10,62.91
03-Feb-10,58.57
02-Feb-10,61
01-Feb-10,59.84
29-Jan-10,61.25
28-Jan-10,61.16
27-Jan-10,63.48
26-Jan-10,64.81
25-Jan-10,66.31
22-Jan-10,66.75
21-Jan-10,68.66
20-Jan-10,68.34
19-Jan-10,66.58
18-Jan-10,67.08
15-Jan-10,63.83
14-Jan-10,63.75
13-Jan-10,65
12-Jan-10,70.07
11-Jan-10,71.11
08-Jan-10,61.17
07-Jan-10,58.61
06-Jan-10,56.5
05-Jan-10,60.51
04-Jan-10,61.5
01-Jan-10,60.62
31-Dec-09,59.5
30-Dec-09,57.98
29-Dec-09,54.9
28-Dec-09,57.25
25-Dec-09,60.47
24-Dec-09,60.65
23-Dec-09,60.14
22-Dec-09,61.5
21-Dec-09,63.25
18-Dec-09,60
17-Dec-09,54.5
16-Dec-09,54.5
15-Dec-09,55
14-Dec-09,54.5
11-Dec-09,52
10-Dec-09,51
09-Dec-09,48.25
08-Dec-09,50.5
07-Dec-09,53.75
04-Dec-09,53
03-Dec-09,55.5
02-Dec-09,54.5
01-Dec-09,58
30-Nov-09,62.5
27-Nov-09,66.25
26-Nov-09,61
25-Nov-09,60.5
24-Nov-09,60.5
23-Nov-09,64.75
20-Nov-09,62.5
19-Nov-09,63.07
18-Nov-09,64
17-Nov-09,64.75
16-Nov-09,58.89
13-Nov-09,58.95
12-Nov-09,60.5
11-Nov-09,62
10-Nov-09,62.75
09-Nov-09,66.5
06-Nov-09,63.5
05-Nov-09,63.5
04-Nov-09,66
03-Nov-09,70.5
02-Nov-09,63
30-Oct-09,62.5
29-Oct-09,62
28-Oct-09,63.95
27-Oct-09,64.75
26-Oct-09,63.5
23-Oct-09,60.93
22-Oct-09,58.76
21-Oct-09,61.84
20-Oct-09,61.59
19-Oct-09,66
16-Oct-09,63
15-Oct-09,62.55
14-Oct-09,64.65
13-Oct-09,67
12-Oct-09,72
09-Oct-09,66.5
08-Oct-09,66
07-Oct-09,65.37
06-Oct-09,68
05-Oct-09,71.5
02-Oct-09,67.83
01-Oct-09,69
30-Sep-09,68.97
29-Sep-09,67
28-Sep-09,63.58
25-Sep-09,58.5
24-Sep-09,58.32
23-Sep-09,61.23
22-Sep-09,61
21-Sep-09,58.75
18-Sep-09,61.5
17-Sep-09,61.3
16-Sep-09,64.33
15-Sep-09,68
14-Sep-09,63.83
11-Sep-09,63.51
10-Sep-09,61.98
09-Sep-09,67.05
08-Sep-09,65.51
07-Sep-09,65.02
04-Sep-09,66.5
03-Sep-09,69
02-Sep-09,71
01-Sep-09,73.5
31-Aug-09,67.5
28-Aug-09,66.5
27-Aug-09,65
26-Aug-09,64.5
25-Aug-09,67
24-Aug-09,69.5
21-Aug-09,67.5
20-Aug-09,70
19-Aug-09,72.5
18-Aug-09,72
17-Aug-09,77.5
14-Aug-09,69
13-Aug-09,66.5
12-Aug-09,67
11-Aug-09,66
10-Aug-09,66.5
07-Aug-09,61
06-Aug-09,60
05-Aug-09,60
04-Aug-09,61
03-Aug-09,64.5
31-Jul-09,62
30-Jul-09,61.5
29-Jul-09,60.5
28-Jul-09,60.5
27-Jul-09,57.5
24-Jul-09,57.5
23-Jul-09,58.5
22-Jul-09,57.5
21-Jul-09,55.5
20-Jul-09,58.5
17-Jul-09,58
16-Jul-09,58
15-Jul-09,58
14-Jul-09,63.5
13-Jul-09,70
10-Jul-09,66
09-Jul-09,65.5
08-Jul-09,64
07-Jul-09,65
06-Jul-09,71
03-Jul-09,71.5
02-Jul-09,69.5
01-Jul-09,71
30-Jun-09,75
29-Jun-09,75.5
26-Jun-09,70
25-Jun-09,71
24-Jun-09,71
23-Jun-09,74.5
22-Jun-09,72.5
19-Jun-09,74.5
18-Jun-09,75
17-Jun-09,80.5
16-Jun-09,84.5
15-Jun-09,81
12-Jun-09,79
11-Jun-09,77.92
10-Jun-09,74.5
09-Jun-09,76.5
08-Jun-09,77
05-Jun-09,79.5
04-Jun-09,79.5
03-Jun-09,83
02-Jun-09,83.5
01-Jun-09,77.5
29-May-09,74.5
28-May-09,75
27-May-09,79.5
26-May-09,82.5
25-May-09,84.5
22-May-09,79.5
21-May-09,86.5
20-May-09,86.5
19-May-09,90
18-May-09,94.5
15-May-09,91.5
14-May-09,86.5
13-May-09,85.5
12-May-09,91
11-May-09,92.5
08-May-09,85
07-May-09,87
06-May-09,87
05-May-09,76.5
04-May-09,76.5
01-May-09,72.5
30-Apr-09,68
29-Apr-09,72
28-Apr-09,74
27-Apr-09,63.02
24-Apr-09,60
23-Apr-09,62.5
22-Apr-09,68
21-Apr-09,65.5
20-Apr-09,65.5
17-Apr-09,64.5
16-Apr-09,64
15-Apr-09,66.5
14-Apr-09,67.5
13-Apr-09,59.5
10-Apr-09,59.5
09-Apr-09,57.5
08-Apr-09,58
07-Apr-09,58.5
06-Apr-09,58
03-Apr-09,55
02-Apr-09,61.5
01-Apr-09,60
31-Mar-09,62.5
30-Mar-09,62
27-Mar-09,50
26-Mar-09,42.5
25-Mar-09,44.5
24-Mar-09,48.5
23-Mar-09,54.5
20-Mar-09,52.5
19-Mar-09,54.5
18-Mar-09,46
17-Mar-09,44
16-Mar-09,51.5
13-Mar-09,52.5
12-Mar-09,60
11-Mar-09,62.5
10-Mar-09,65
09-Mar-09,60
06-Mar-09,50
05-Mar-09,52.5
04-Mar-09,43
03-Mar-09,62.5
02-Mar-09,73.5
27-Feb-09,83.87
26-Feb-09,80.5
25-Feb-09,75
24-Feb-09,70.5
23-Feb-09,87.94
20-Feb-09,90.33
19-Feb-09,92.5
18-Feb-09,95
17-Feb-09,92.18
16-Feb-09,87.5
13-Feb-09,82.5
12-Feb-09,83.5
11-Feb-09,90.95
10-Feb-09,87.32
09-Feb-09,87.5
06-Feb-09,90.5
05-Feb-09,90.5
04-Feb-09,94.5
03-Feb-09,90.5
02-Feb-09,88.18
30-Jan-09,87
29-Jan-09,85
28-Jan-09,86
27-Jan-09,89.5
26-Jan-09,98
23-Jan-09,105
22-Jan-09,100
21-Jan-09,107
20-Jan-09,127
19-Jan-09,125
16-Jan-09,115
15-Jan-09,122.5
14-Jan-09,125
13-Jan-09,132.7
12-Jan-09,117.5
09-Jan-09,116.1
08-Jan-09,112
07-Jan-09,110
06-Jan-09,110
05-Jan-09,120
02-Jan-09,120
01-Jan-09,117.5
31-Dec-08,117.5
30-Dec-08,127.5
29-Dec-08,108
26-Dec-08,87.51
25-Dec-08,87.32
24-Dec-08,97.5
23-Dec-08,92.5
22-Dec-08,107.5
19-Dec-08,107.5
18-Dec-08,110
17-Dec-08,117.5
16-Dec-08,122.5
15-Dec-08,125
12-Dec-08,117
11-Dec-08,112
10-Dec-08,105.5
09-Dec-08,115.5
08-Dec-08,97.5
05-Dec-08,91.5
04-Dec-08,85.5
03-Dec-08,80
02-Dec-08,75.49
01-Dec-08,80.74
28-Nov-08,75
27-Nov-08,67.82
26-Nov-08,80
25-Nov-08,92.5
24-Nov-08,110
21-Nov-08,123
20-Nov-08,109
19-Nov-08,110.5
18-Nov-08,118
17-Nov-08,95
14-Nov-08,103.81
13-Nov-08,102
12-Nov-08,104.64
11-Nov-08,117
10-Nov-08,105
07-Nov-08,95
06-Nov-08,85
05-Nov-08,80
04-Nov-08,84.5
03-Nov-08,60
31-Oct-08,55
30-Oct-08,60
29-Oct-08,55
28-Oct-08,60.5
27-Oct-08,80
24-Oct-08,65
23-Oct-08,85
22-Oct-08,92.5
21-Oct-08,80
20-Oct-08,90
17-Oct-08,95
16-Oct-08,45
15-Oct-08,10.26
14-Oct-08,20
13-Oct-08,15
10-Oct-08,-30.5
09-Oct-08,-27.5
08-Oct-08,-12.5
07-Oct-08,20
06-Oct-08,40
03-Oct-08,25
02-Oct-08,20
01-Oct-08,4.5
30-Sep-08,-7.78
29-Sep-08,19
26-Sep-08,25.91
25-Sep-08,20.92
24-Sep-08,27.52
23-Sep-08,24.5
22-Sep-08,37.59
19-Sep-08,26
18-Sep-08,6.04
17-Sep-08,35.5
16-Sep-08,68.1
15-Sep-08,66
12-Sep-08,71.7
11-Sep-08,73.75
10-Sep-08,77.5
09-Sep-08,81.5
08-Sep-08,72
05-Sep-08,71.25
04-Sep-08,68.25
03-Sep-08,69.5
02-Sep-08,70.9
01-Sep-08,66.26
29-Aug-08,65.43
28-Aug-08,67.07
27-Aug-08,70.25
26-Aug-08,70.68
25-Aug-08,73.85
22-Aug-08,69.24
21-Aug-08,69.22
20-Aug-08,70.22
19-Aug-08,72.25
18-Aug-08,71.53
15-Aug-08,68.25
14-Aug-08,66.59
13-Aug-08,66.5
12-Aug-08,68.08
11-Aug-08,69.86
08-Aug-08,65.3
07-Aug-08,63.43
06-Aug-08,63.69
05-Aug-08,64.25
04-Aug-08,66
01-Aug-08,62.61
31-Jul-08,61.6
30-Jul-08,61.81
29-Jul-08,56.88
28-Jul-08,58.28
25-Jul-08,61.32
24-Jul-08,61.35
23-Jul-08,61.5
22-Jul-08,63.71
21-Jul-08,63.7
18-Jul-08,60.97
17-Jul-08,61.1
16-Jul-08,60.75
15-Jul-08,64.26
14-Jul-08,64.37
11-Jul-08,67.25
10-Jul-08,60.41
09-Jul-08,59.35
08-Jul-08,62.75
07-Jul-08,66
04-Jul-08,62.25
03-Jul-08,63
02-Jul-08,64.33
01-Jul-08,66.25
30-Jun-08,68
27-Jun-08,65.25
26-Jun-08,64.25
25-Jun-08,64.25
24-Jun-08,66.75
23-Jun-08,62.12
20-Jun-08,61.32
19-Jun-08,60.98
18-Jun-08,61.93
17-Jun-08,63.75
16-Jun-08,59.5
13-Jun-08,61
12-Jun-08,61.95
11-Jun-08,64.45
10-Jun-08,66.25
09-Jun-08,62.46
06-Jun-08,61.84
05-Jun-08,63
04-Jun-08,64.75
03-Jun-08,66.61
02-Jun-08,67.7
30-May-08,60.9
29-May-08,60.35
28-May-08,63.85
27-May-08,69.5
26-May-08,72.19
23-May-08,68
22-May-08,68.5
21-May-08,68.44
20-May-08,68
19-May-08,71
16-May-08,66.25
15-May-08,65.75
14-May-08,63.65
13-May-08,66
12-May-08,67.5
09-May-08,65.65
08-May-08,66.5
07-May-08,65.75
06-May-08,66.38
05-May-08,68.75
02-May-08,62.75
01-May-08,59.75
30-Apr-08,59.5
29-Apr-08,61.5
28-Apr-08,58.3
25-Apr-08,57.75
24-Apr-08,56.75
23-Apr-08,58.25
22-Apr-08,59
21-Apr-08,54
18-Apr-08,55
17-Apr-08,54.25
16-Apr-08,57.25
15-Apr-08,60.75
14-Apr-08,57.1
11-Apr-08,57
10-Apr-08,57
09-Apr-08,58
08-Apr-08,60.25
07-Apr-08,56.5
04-Apr-08,55.75
03-Apr-08,55
02-Apr-08,56.25
01-Apr-08,58
31-Mar-08,56.5
28-Mar-08,57
27-Mar-08,55.5
26-Mar-08,57.65
25-Mar-08,60
24-Mar-08,59.5
21-Mar-08,56.4
20-Mar-08,56.4
19-Mar-08,59
18-Mar-08,62.5
17-Mar-08,63.25
14-Mar-08,57
13-Mar-08,56.25
12-Mar-08,55
11-Mar-08,57
10-Mar-08,58.5
07-Mar-08,54
06-Mar-08,52.25
05-Mar-08,51.15
04-Mar-08,52.75
03-Mar-08,54.15
29-Feb-08,50.4
28-Feb-08,50
27-Feb-08,49.25
26-Feb-08,47
25-Feb-08,46.4
22-Feb-08,46.25
21-Feb-08,46.25
20-Feb-08,51
19-Feb-08,45.5
18-Feb-08,45.25
15-Feb-08,44.4
14-Feb-08,43
13-Feb-08,46.5
12-Feb-08,44
11-Feb-08,44.25
08-Feb-08,43.9
07-Feb-08,43.75
06-Feb-08,46.25
05-Feb-08,40.5
04-Feb-08,39.75
01-Feb-08,42
31-Jan-08,42.5
30-Jan-08,43.38
29-Jan-08,40.75
28-Jan-08,41.25
25-Jan-08,41.75
24-Jan-08,44
23-Jan-08,45.75
22-Jan-08,41.25
21-Jan-08,32
18-Jan-08,28.75
17-Jan-08,27.5
16-Jan-08,28
15-Jan-08,27.75
14-Jan-08,28.45
11-Jan-08,22.85
10-Jan-08,21
09-Jan-08,20
08-Jan-08,19
07-Jan-08,18
04-Jan-08,14.25
03-Jan-08,12.25
02-Jan-08,12.5
01-Jan-08,15.86
31-Dec-07,15.86
28-Dec-07,15.5
27-Dec-07,10
26-Dec-07,10
25-Dec-07,10
24-Dec-07,10
21-Dec-07,10
20-Dec-07,9
19-Dec-07,9
18-Dec-07,11
17-Dec-07,11
14-Dec-07,9.25
13-Dec-07,8.25
12-Dec-07,7.5
11-Dec-07,4
10-Dec-07,0.75
07-Dec-07,-0.38
06-Dec-07,0.15
05-Dec-07,0.25
04-Dec-07,0
03-Dec-07,0.5
30-Nov-07,-0.25
29-Nov-07,0
28-Nov-07,5.75
27-Nov-07,7.5
26-Nov-07,5.75
23-Nov-07,5.5
22-Nov-07,5.5
21-Nov-07,5.25
20-Nov-07,4.5
19-Nov-07,5.25
16-Nov-07,4
15-Nov-07,5.25
14-Nov-07,5.38
13-Nov-07,4.88
12-Nov-07,4.25
09-Nov-07,4
08-Nov-07,3.85
07-Nov-07,3.7
06-Nov-07,3.5
05-Nov-07,3
02-Nov-07,2.25
01-Nov-07,3.6
31-Oct-07,3
30-Oct-07,3.75
29-Oct-07,4
26-Oct-07,2.75
25-Oct-07,2.25
24-Oct-07,1.25
23-Oct-07,0.25
22-Oct-07,-0.85
19-Oct-07,-1.5
18-Oct-07,-3.25
17-Oct-07,-4
16-Oct-07,-4.75
15-Oct-07,-5.5
12-Oct-07,-5.75
11-Oct-07,-6
10-Oct-07,-6.75
09-Oct-07,-7.25
08-Oct-07,-7.63
05-Oct-07,-8.25
04-Oct-07,-8.25
03-Oct-07,-9.25
02-Oct-07,-9.25
01-Oct-07,-10
28-Sep-07,-9.25
27-Sep-07,-9.5
26-Sep-07,-9.65
25-Sep-07,-9.78
24-Sep-07,-8.2
21-Sep-07,-7.25
20-Sep-07,-7
19-Sep-07,-9
18-Sep-07,-16.15
17-Sep-07,-15.15
14-Sep-07,-16.5
13-Sep-07,-18
12-Sep-07,-19
11-Sep-07,-22
10-Sep-07,-21.25
07-Sep-07,-23.75
06-Sep-07,-24.75
05-Sep-07,-27.5
04-Sep-07,-30.25
03-Sep-07,-26
31-Aug-07,-23.75
30-Aug-07,-22.3
29-Aug-07,-18.5
28-Aug-07,-19.3
27-Aug-07,-18.8
24-Aug-07,-19.5
23-Aug-07,-19.8
22-Aug-07,-21.75
21-Aug-07,-20
20-Aug-07,-21.5
17-Aug-07,-20.5
16-Aug-07,-20.25
15-Aug-07,-21.75
14-Aug-07,-23.95
13-Aug-07,-22.65
10-Aug-07,-22.75
09-Aug-07,-19.5
08-Aug-07,-19
07-Aug-07,-18.6
06-Aug-07,-20.05
03-Aug-07,-18.6
02-Aug-07,-18
01-Aug-07,-19
31-Jul-07,-19.65
30-Jul-07,-20.25
27-Jul-07,-18.2
26-Jul-07,-17
25-Jul-07,-17.3
24-Jul-07,-16.5
23-Jul-07,-18.35
20-Jul-07,-17.25
19-Jul-07,-17
18-Jul-07,-17.25
17-Jul-07,-17.75
16-Jul-07,-18.6
13-Jul-07,-17.5
12-Jul-07,-17.65
11-Jul-07,-17.8
10-Jul-07,-18.5
09-Jul-07,-18.85
06-Jul-07,-18.5
05-Jul-07,-18.5
04-Jul-07,-17.9
03-Jul-07,-18.55
02-Jul-07,-19.25
29-Jun-07,-19
28-Jun-07,-19.15
27-Jun-07,-20.3
26-Jun-07,-22.65
25-Jun-07,-21.9
22-Jun-07,-22
21-Jun-07,-21.9
20-Jun-07,-23.4
19-Jun-07,-24.5
18-Jun-07,-24.4
15-Jun-07,-23.9
14-Jun-07,-24.75
13-Jun-07,-25.6
12-Jun-07,-26.55
11-Jun-07,-24.5
08-Jun-07,-24.75
07-Jun-07,-24.25
06-Jun-07,-23.8
05-Jun-07,-25.3
04-Jun-07,-24.4
01-Jun-07,-25.5
31-May-07,-25.35
30-May-07,-25.5
29-May-07,-23.85
28-May-07,-24.5
25-May-07,-25.4
24-May-07,-25.25
23-May-07,-25.25
22-May-07,-26
21-May-07,-26.5
18-May-07,-24.5
17-May-07,-25
16-May-07,-24.5
15-May-07,-26
14-May-07,-26.3
11-May-07,-25
10-May-07,-25
09-May-07,-25.5
08-May-07,-25.5
07-May-07,-25.5
04-May-07,-24
03-May-07,-25.05
02-May-07,-26.1
01-May-07,-26.5
30-Apr-07,-26.5
27-Apr-07,-26.55
26-Apr-07,-26.5
25-Apr-07,-26.5
24-Apr-07,-28.5
23-Apr-07,-25.3
20-Apr-07,-26.5
19-Apr-07,-27.5
18-Apr-07,-28.5
17-Apr-07,-30
16-Apr-07,-28.2
13-Apr-07,-29
12-Apr-07,-28.45
11-Apr-07,-30.5
10-Apr-07,-31.5
09-Apr-07,-29.75
06-Apr-07,-30.15
05-Apr-07,-31.2
04-Apr-07,-31
03-Apr-07,-32.45
02-Apr-07,-30.5
30-Mar-07,-32.5
29-Mar-07,-31.63
28-Mar-07,-32
27-Mar-07,-33
26-Mar-07,-33.6
23-Mar-07,-31
22-Mar-07,-31.63
21-Mar-07,-31.8
20-Mar-07,-32.5
19-Mar-07,-34.15
16-Mar-07,-32
15-Mar-07,-32.2
14-Mar-07,-32.5
13-Mar-07,-33.5
12-Mar-07,-34.5
09-Mar-07,-32.5
08-Mar-07,-32.4
07-Mar-07,-34
06-Mar-07,-34.8
05-Mar-07,-35.8
02-Mar-07,-32.5
01-Mar-07,-32.3
28-Feb-07,-32.2
27-Feb-07,-33
26-Feb-07,-32
23-Feb-07,-29.5
22-Feb-07,-29
21-Feb-07,-29.15
20-Feb-07,-30
19-Feb-07,-29.15
16-Feb-07,-29.3
15-Feb-07,-29.5
14-Feb-07,-29.3
13-Feb-07,-29.7
12-Feb-07,-29.5
09-Feb-07,-29.5
08-Feb-07,-29.4
07-Feb-07,-29.3
06-Feb-07,-29.5
05-Feb-07,-29.5
02-Feb-07,-29.25
01-Feb-07,-29.7
31-Jan-07,-30.5
30-Jan-07,-30.1
29-Jan-07,-30.5
26-Jan-07,-31
25-Jan-07,-32.1
24-Jan-07,-33
23-Jan-07,-34.5
22-Jan-07,-34.85
19-Jan-07,-32.38
18-Jan-07,-33
17-Jan-07,-34
16-Jan-07,-35.15
15-Jan-07,-36
12-Jan-07,-33
11-Jan-07,-32.5
10-Jan-07,-33.2
09-Jan-07,-34.5
08-Jan-07,-34.5
05-Jan-07,-32.5
04-Jan-07,-31.5
03-Jan-07,-32.5
02-Jan-07,-32.5
01-Jan-07,-34.05
29-Dec-06,-34.05
28-Dec-06,-32.5
27-Dec-06,-35.15
26-Dec-06,-33.5
25-Dec-06,-33.5
22-Dec-06,-33.5
21-Dec-06,-33.5
20-Dec-06,-32.5
19-Dec-06,-33.5
18-Dec-06,-34.5
15-Dec-06,-32.2
14-Dec-06,-32.6
13-Dec-06,-33
12-Dec-06,-35
11-Dec-06,-35
08-Dec-06,-32
07-Dec-06,-32.1
06-Dec-06,-32
05-Dec-06,-32
04-Dec-06,-34
01-Dec-06,-32.3
30-Nov-06,-32.2
29-Nov-06,-33.55
28-Nov-06,-30.3
27-Nov-06,-31.5
24-Nov-06,-31.5
23-Nov-06,-32
22-Nov-06,-34.3
21-Nov-06,-34.5
20-Nov-06,-32
17-Nov-06,-32.5
16-Nov-06,-31.65
15-Nov-06,-32.1
14-Nov-06,-33.65
13-Nov-06,-31.4
10-Nov-06,-32.5
09-Nov-06,-32.5
08-Nov-06,-32.65
07-Nov-06,-33
06-Nov-06,-33
03-Nov-06,-31.75
02-Nov-06,-32.25
01-Nov-06,-33.3
31-Oct-06,-33.45
30-Oct-06,-34.5
27-Oct-06,-32.5
26-Oct-06,-34.5
25-Oct-06,-33.5
24-Oct-06,-34.4
23-Oct-06,-35.5
20-Oct-06,-32.9
19-Oct-06,-34.25
18-Oct-06,-33.5
17-Oct-06,-34.45
16-Oct-06,-35.55
13-Oct-06,-33.45
12-Oct-06,-33.5
11-Oct-06,-34.5
10-Oct-06,-34.5
09-Oct-06,-35
06-Oct-06,-33.55
05-Oct-06,-33.5
04-Oct-06,-33.5
03-Oct-06,-34.5
02-Oct-06,-36
29-Sep-06,-34.5
28-Sep-06,-34.1
27-Sep-06,-33.5
26-Sep-06,-35.5
25-Sep-06,-32.5
22-Sep-06,-32.5
21-Sep-06,-33.5
20-Sep-06,-32.5
19-Sep-06,-33.5
18-Sep-06,-35
15-Sep-06,-33.5
14-Sep-06,-33.5
13-Sep-06,-34.25
12-Sep-06,-34.5
11-Sep-06,-32.5
08-Sep-06,-32.75
07-Sep-06,-32.5
06-Sep-06,-35
05-Sep-06,-35
04-Sep-06,-35.5
01-Sep-06,-32.25
31-Aug-06,-32.25
30-Aug-06,-32.5
29-Aug-06,-33.5
28-Aug-06,-33.15
25-Aug-06,-33.6
24-Aug-06,-33.5
23-Aug-06,-34
22-Aug-06,-33.25
21-Aug-06,-34.5
18-Aug-06,-33
17-Aug-06,-33
16-Aug-06,-33.25
15-Aug-06,-33.25
14-Aug-06,-34.75
11-Aug-06,-35.5
10-Aug-06,-33.5
09-Aug-06,-33.25
08-Aug-06,-35.35
07-Aug-06,-36.2
04-Aug-06,-36
03-Aug-06,-35
02-Aug-06,-34.75
01-Aug-06,-35.75
31-Jul-06,-37.25
28-Jul-06,-35.25
27-Jul-06,-35
26-Jul-06,-35.5
25-Jul-06,-35.5
24-Jul-06,-36.5
21-Jul-06,-35.25
20-Jul-06,-36
19-Jul-06,-36.25
18-Jul-06,-36.5
17-Jul-06,-37
14-Jul-06,-36
13-Jul-06,-35.5
12-Jul-06,-35.5
11-Jul-06,-35.25
10-Jul-06,-36.5
07-Jul-06,-35.25
06-Jul-06,-34.75
05-Jul-06,-34
04-Jul-06,-33.5
03-Jul-06,-35.5
30-Jun-06,-36.5
29-Jun-06,-37
28-Jun-06,-36.5
27-Jun-06,-36
26-Jun-06,-37
23-Jun-06,-34
22-Jun-06,-33.75
21-Jun-06,-33.25
20-Jun-06,-34
19-Jun-06,-34.5
16-Jun-06,-31.75
15-Jun-06,-31.75
14-Jun-06,-31.75
13-Jun-06,-31.5
12-Jun-06,-30
09-Jun-06,-28.75
08-Jun-06,-28.25
07-Jun-06,-28.25
06-Jun-06,-28.75
05-Jun-06,-28
02-Jun-06,-26.5
01-Jun-06,-27.5
31-May-06,-27.5
30-May-06,-27.25
29-May-06,-26.6
26-May-06,-26.75
25-May-06,-27.25
24-May-06,-26.75
23-May-06,-27.75
22-May-06,-27.75
19-May-06,-26.75
18-May-06,-27.25
17-May-06,-26.63
16-May-06,-26.5
15-May-06,-27.75
12-May-06,-26.5
11-May-06,-26.5
10-May-06,-27.25
09-May-06,-28.5
08-May-06,-27.5
05-May-06,-26.5
04-May-06,-25.75
03-May-06,-26
02-May-06,-26
01-May-06,-26.5
28-Apr-06,-26.5
27-Apr-06,-25.5
26-Apr-06,-27.05
25-Apr-06,-26
24-Apr-06,-24
21-Apr-06,-23.5
20-Apr-06,-23.5
19-Apr-06,-23.95
18-Apr-06,-23.5
17-Apr-06,-22.6
14-Apr-06,-22.9
13-Apr-06,-22
12-Apr-06,-22.5
11-Apr-06,-23.5
10-Apr-06,-21.7
07-Apr-06,-21.4
06-Apr-06,-20.5
05-Apr-06,-21.5
04-Apr-06,-21.5
03-Apr-06,-21.5
31-Mar-06,-20.5
30-Mar-06,-20.5
29-Mar-06,-20.5
28-Mar-06,-20.5
27-Mar-06,-20.5
24-Mar-06,-21.65
23-Mar-06,-20.5
22-Mar-06,-21
21-Mar-06,-21.6
20-Mar-06,-21.5
17-Mar-06,-19.85
16-Mar-06,-20.5
15-Mar-06,-21
14-Mar-06,-20.55
13-Mar-06,-21
10-Mar-06,-18.5
09-Mar-06,-18.45
08-Mar-06,-17.5
07-Mar-06,-17
06-Mar-06,-18.65
03-Mar-06,-16.5
02-Mar-06,-16.5
01-Mar-06,-16.25
28-Feb-06,-17
27-Feb-06,-13.75
24-Feb-06,-12.25
23-Feb-06,-11.5
22-Feb-06,-10.5
21-Feb-06,-10.5
20-Feb-06,-10.8
17-Feb-06,-11.5
16-Feb-06,-10.5
15-Feb-06,-9.5
14-Feb-06,-8.5
13-Feb-06,-8.38
10-Feb-06,-7.6
09-Feb-06,-8.1
08-Feb-06,-9
07-Feb-06,-8.35
06-Feb-06,-8
03-Feb-06,-8
02-Feb-06,-8.3
01-Feb-06,-7.8
31-Jan-06,-7
27-Jan-06,-3.95
26-Jan-06,-5.5
25-Jan-06,-6
24-Jan-06,-5
23-Jan-06,-4
20-Jan-06,-3
19-Jan-06,-2.75
18-Jan-06,-2.75
17-Jan-06,-1
16-Jan-06,-1
13-Jan-06,0
12-Jan-06,0
11-Jan-06,0.5
10-Jan-06,1
09-Jan-06,1
06-Jan-06,2.55
05-Jan-06,2
04-Jan-06,2.5
03-Jan-06,2.75
02-Jan-06,3
30-Dec-05,4
29-Dec-05,3.4
28-Dec-05,2
27-Dec-05,3.4
26-Dec-05,3.45
23-Dec-05,3.5
22-Dec-05,3.6
21-Dec-05,2
20-Dec-05,4.25
19-Dec-05,5
16-Dec-05,3.5
15-Dec-05,2.5
14-Dec-05,2.5
13-Dec-05,3.25
12-Dec-05,5
09-Dec-05,7
08-Dec-05,5
07-Dec-05,6
06-Dec-05,7
05-Dec-05,7
02-Dec-05,8
01-Dec-05,9
30-Nov-05,8.5
29-Nov-05,9
28-Nov-05,7
25-Nov-05,9.5
24-Nov-05,10
23-Nov-05,10.75
22-Nov-05,5.5
21-Nov-05,10.5
18-Nov-05,12
17-Nov-05,12
16-Nov-05,12.25
15-Nov-05,12.5
14-Nov-05,13
11-Nov-05,14
10-Nov-05,14
09-Nov-05,14
08-Nov-05,14.5
07-Nov-05,13.5
04-Nov-05,13.75
03-Nov-05,12.75
02-Nov-05,13.6
01-Nov-05,14.15
31-Oct-05,14
28-Oct-05,13.5
27-Oct-05,12.35
26-Oct-05,12.4
25-Oct-05,12.35
24-Oct-05,14.25
21-Oct-05,12.45
20-Oct-05,14
19-Oct-05,13.65
18-Oct-05,15
17-Oct-05,15.5
14-Oct-05,14.9
13-Oct-05,15.1
12-Oct-05,16
11-Oct-05,16
10-Oct-05,16.9
07-Oct-05,17.8
06-Oct-05,18.5
05-Oct-05,17.75
04-Oct-05,18.5
03-Oct-05,19.2
30-Sep-05,18.65
29-Sep-05,19.05
28-Sep-05,18.45
27-Sep-05,14
26-Sep-05,16
23-Sep-05,15.5
22-Sep-05,15.5
21-Sep-05,15.8
20-Sep-05,16.95
19-Sep-05,17.6
16-Sep-05,18.2
15-Sep-05,16
14-Sep-05,19.6
13-Sep-05,20.65
12-Sep-05,20.3
09-Sep-05,20.8
08-Sep-05,20.5
07-Sep-05,22.95
06-Sep-05,24.05
05-Sep-05,22.2
02-Sep-05,22.5
01-Sep-05,21.5
31-Aug-05,20
30-Aug-05,24.5
29-Aug-05,25.25
26-Aug-05,27.5
25-Aug-05,26.6
24-Aug-05,28.5
23-Aug-05,28.95
22-Aug-05,31.25
19-Aug-05,30.3
18-Aug-05,31
17-Aug-05,34
16-Aug-05,32.5
15-Aug-05,31.6
12-Aug-05,32.05
11-Aug-05,30.5
10-Aug-05,31.5
09-Aug-05,33.4
08-Aug-05,34.25
05-Aug-05,32.5
04-Aug-05,31.8
03-Aug-05,33.3
02-Aug-05,34.9
01-Aug-05,36
29-Jul-05,34
28-Jul-05,34
27-Jul-05,37.5
26-Jul-05,36.85
25-Jul-05,37.75
22-Jul-05,39
21-Jul-05,40.55
20-Jul-05,42
19-Jul-05,38
18-Jul-05,40.75
15-Jul-05,42.2
14-Jul-05,40
13-Jul-05,44.8
12-Jul-05,45.5
11-Jul-05,47.85
08-Jul-05,44.9
07-Jul-05,45.15
06-Jul-05,45.45
05-Jul-05,47.75
04-Jul-05,48
01-Jul-05,45.5
30-Jun-05,46.5
29-Jun-05,47
28-Jun-05,47
27-Jun-05,47.75
24-Jun-05,48.9
23-Jun-05,51.3
22-Jun-05,53.4
21-Jun-05,56.25
20-Jun-05,56.8
17-Jun-05,55.8
16-Jun-05,57.75
15-Jun-05,60.5
14-Jun-05,63.65
13-Jun-05,60.5
10-Jun-05,60.05
09-Jun-05,60.25
08-Jun-05,62.6
07-Jun-05,64.8
06-Jun-05,61.2
03-Jun-05,67.4
02-Jun-05,62.4
01-Jun-05,67.1
31-May-05,69
30-May-05,66
27-May-05,65.75
26-May-05,62.95
25-May-05,65.15
24-May-05,65
23-May-05,69.75
20-May-05,66
19-May-05,75.5
18-May-05,67.6
17-May-05,70.1
16-May-05,72.55
13-May-05,65.5
12-May-05,70.25
11-May-05,66.35
10-May-05,76.5
09-May-05,70.5
06-May-05,66.5
05-May-05,67
04-May-05,68
03-May-05,72
02-May-05,71.75
29-Apr-05,74.25
28-Apr-05,69.85
27-Apr-05,71.9
26-Apr-05,76
25-Apr-05,69.25
22-Apr-05,72
21-Apr-05,71.35
20-Apr-05,74
19-Apr-05,78.5
18-Apr-05,76
15-Apr-05,76.5
14-Apr-05,78.85
13-Apr-05,80.75
12-Apr-05,83.5
11-Apr-05,79.45
08-Apr-05,79.5
07-Apr-05,88
06-Apr-05,88
05-Apr-05,88
04-Apr-05,83.4
01-Apr-05,82.15
31-Mar-05,82.5
30-Mar-05,86.05
29-Mar-05,84.5
28-Mar-05,89.5
25-Mar-05,87.45
24-Mar-05,90.2
23-Mar-05,92.5
22-Mar-05,90.5
21-Mar-05,92.5
18-Mar-05,88.5
17-Mar-05,89.6
16-Mar-05,89.7
15-Mar-05,92.5
14-Mar-05,95.5
11-Mar-05,88.85
10-Mar-05,89.4
09-Mar-05,89.5
08-Mar-05,92.35
07-Mar-05,98
04-Mar-05,94
03-Mar-05,93
02-Mar-05,92.05
01-Mar-05,94.05
28-Feb-05,95.85
25-Feb-05,91.2
24-Feb-05,96.5
23-Feb-05,89
22-Feb-05,89
21-Feb-05,89.55
18-Feb-05,89.7
17-Feb-05,91.1
16-Feb-05,91.5
15-Feb-05,91.5
14-Feb-05,94.75
11-Feb-05,94.55
10-Feb-05,94.6
09-Feb-05,94.5
08-Feb-05,94.65
07-Feb-05,94.5
04-Feb-05,92.5
03-Feb-05,92.5
02-Feb-05,94.5
01-Feb-05,96.25
31-Jan-05,95
28-Jan-05,95
27-Jan-05,96
26-Jan-05,108
25-Jan-05,110.55
24-Jan-05,113
21-Jan-05,108
20-Jan-05,110
19-Jan-05,112.5
18-Jan-05,116.5
17-Jan-05,117
14-Jan-05,108.7
13-Jan-05,108.5
12-Jan-05,110
11-Jan-05,113
10-Jan-05,114
07-Jan-05,110
06-Jan-05,111.5
05-Jan-05,111.5
04-Jan-05,113.5
03-Jan-05,114.5
31-Dec-04,106.8
30-Dec-04,107.5
29-Dec-04,106.5
28-Dec-04,110.5
27-Dec-04,115.5
24-Dec-04,115
23-Dec-04,115
22-Dec-04,112
21-Dec-04,122.5
20-Dec-04,122.5
17-Dec-04,115.5
16-Dec-04,112
15-Dec-04,115.5
14-Dec-04,118.5
13-Dec-04,125.5
10-Dec-04,115.5
09-Dec-04,112.5
08-Dec-04,114.5
07-Dec-04,116.5
06-Dec-04,121
03-Dec-04,115.5
02-Dec-04,115
01-Dec-04,116.5
30-Nov-04,121
29-Nov-04,128
26-Nov-04,121.5
25-Nov-04,116.2
24-Nov-04,121
23-Nov-04,120.5
22-Nov-04,119.1
19-Nov-04,120
18-Nov-04,120.65
17-Nov-04,126.5
16-Nov-04,119
15-Nov-04,124.5
12-Nov-04,121
11-Nov-04,122
10-Nov-04,123
09-Nov-04,122
08-Nov-04,123.5
05-Nov-04,125.5
04-Nov-04,124.5
03-Nov-04,131.5
02-Nov-04,137.5
01-Nov-04,129.5
29-Oct-04,129.5
28-Oct-04,129.5
27-Oct-04,141
26-Oct-04,138
25-Oct-04,139.5
22-Oct-04,135.5
21-Oct-04,139.5
20-Oct-04,135
19-Oct-04,142.5
18-Oct-04,146.5
15-Oct-04,139.5
14-Oct-04,140
13-Oct-04,142
12-Oct-04,146.5
11-Oct-04,151.5
08-Oct-04,143.5
07-Oct-04,143.5
06-Oct-04,144
05-Oct-04,147
04-Oct-04,152
01-Oct-04,145.5
30-Sep-04,146
29-Sep-04,151
28-Sep-04,143.5
27-Sep-04,145.5
24-Sep-04,145
23-Sep-04,144
22-Sep-04,150
21-Sep-04,155
20-Sep-04,147.5
17-Sep-04,146.5
16-Sep-04,147.5
15-Sep-04,153
14-Sep-04,159
13-Sep-04,147.5
10-Sep-04,147.5
09-Sep-04,144.5
08-Sep-04,155.9
07-Sep-04,162
06-Sep-04,149.5
03-Sep-04,150
02-Sep-04,150
01-Sep-04,155
31-Aug-04,161
30-Aug-04,153.5
27-Aug-04,153
26-Aug-04,159
25-Aug-04,156
24-Aug-04,150.5
23-Aug-04,154.5
20-Aug-04,142
19-Aug-04,141.5
18-Aug-04,143
17-Aug-04,147.5
16-Aug-04,153.5
13-Aug-04,144
12-Aug-04,142
11-Aug-04,143.5
10-Aug-04,143.5
09-Aug-04,147
06-Aug-04,141.5
05-Aug-04,145
04-Aug-04,148.5
03-Aug-04,153.5
02-Aug-04,154.5
30-Jul-04,142
29-Jul-04,141.5
28-Jul-04,149
27-Jul-04,148.5
26-Jul-04,150.5
23-Jul-04,140
22-Jul-04,139
21-Jul-04,139
20-Jul-04,140
19-Jul-04,142
16-Jul-04,137
15-Jul-04,144.5
14-Jul-04,142.5
13-Jul-04,142
12-Jul-04,149
09-Jul-04,141
08-Jul-04,141
07-Jul-04,141
06-Jul-04,146.5
05-Jul-04,150.8
02-Jul-04,142.5
01-Jul-04,144.5
30-Jun-04,141
29-Jun-04,140
28-Jun-04,134.5
25-Jun-04,128.5
24-Jun-04,128.5
23-Jun-04,135.5
22-Jun-04,141
21-Jun-04,135.5
18-Jun-04,133.5
17-Jun-04,134.5
16-Jun-04,138.5
15-Jun-04,138.5
14-Jun-04,143
11-Jun-04,134
10-Jun-04,133.5
09-Jun-04,133.5
08-Jun-04,129.5
07-Jun-04,134.5
04-Jun-04,133
03-Jun-04,136
02-Jun-04,137.5
01-Jun-04,152.5
31-May-04,142
28-May-04,144.5
27-May-04,143.5
26-May-04,157
25-May-04,150.5
24-May-04,159
21-May-04,152.5
20-May-04,155.5
19-May-04,152.5
18-May-04,152.5
17-May-04,168.5
14-May-04,159
13-May-04,160
12-May-04,161.5
11-May-04,166.5
10-May-04,169.5
07-May-04,159
06-May-04,173.5
05-May-04,163
04-May-04,177
03-May-04,167.5
30-Apr-04,167.5
29-Apr-04,158.5
28-Apr-04,138.5
27-Apr-04,142.5
26-Apr-04,146
23-Apr-04,145
22-Apr-04,146.5
21-Apr-04,152.3
20-Apr-04,157
19-Apr-04,148
16-Apr-04,151
15-Apr-04,150
14-Apr-04,153.5
13-Apr-04,155
12-Apr-04,142.5
09-Apr-04,142
08-Apr-04,144.5
07-Apr-04,147
06-Apr-04,149
05-Apr-04,146
02-Apr-04,144.5
01-Apr-04,138.5
31-Mar-04,147
30-Mar-04,150
29-Mar-04,137
26-Mar-04,145
25-Mar-04,142
24-Mar-04,139.5
23-Mar-04,143.5
22-Mar-04,149.5
19-Mar-04,138.5
18-Mar-04,141.5
17-Mar-04,142.5
16-Mar-04,144
15-Mar-04,151.5
12-Mar-04,141
11-Mar-04,142.5
10-Mar-04,144.75
09-Mar-04,147.75
08-Mar-04,156
05-Mar-04,143
04-Mar-04,145
03-Mar-04,146
02-Mar-04,149.75
01-Mar-04,153.5
27-Feb-04,143
26-Feb-04,143.5
25-Feb-04,148
24-Feb-04,131
23-Feb-04,134
20-Feb-04,129.75
19-Feb-04,128.5
18-Feb-04,136.5
17-Feb-04,127.5
16-Feb-04,129.25
13-Feb-04,127.75
12-Feb-04,129
11-Feb-04,138.5
10-Feb-04,127.5
09-Feb-04,127.75
06-Feb-04,131
05-Feb-04,133
04-Feb-04,140.5
03-Feb-04,132.75
02-Feb-04,134
30-Jan-04,135.5
29-Jan-04,127.5
28-Jan-04,122.5
27-Jan-04,129.5
26-Jan-04,129
23-Jan-04,132
22-Jan-04,134
21-Jan-04,135
20-Jan-04,141
19-Jan-04,150
16-Jan-04,139
15-Jan-04,137.5
14-Jan-04,141
13-Jan-04,142
12-Jan-04,145
09-Jan-04,133.5
08-Jan-04,131
07-Jan-04,131
06-Jan-04,132.5
05-Jan-04,139
02-Jan-04,136
31-Dec-03,136
30-Dec-03,136
29-Dec-03,129.5
26-Dec-03,134.5
24-Dec-03,134.5
23-Dec-03,134
22-Dec-03,143.5
19-Dec-03,137.2
18-Dec-03,138
17-Dec-03,143.85
16-Dec-03,148.5
15-Dec-03,154.5
12-Dec-03,141
11-Dec-03,143
10-Dec-03,141
09-Dec-03,146.5
08-Dec-03,158
05-Dec-03,147
04-Dec-03,150.5
03-Dec-03,152.5
02-Dec-03,156.7
01-Dec-03,153
28-Nov-03,147.5
27-Nov-03,149.5
26-Nov-03,153.5
25-Nov-03,156
24-Nov-03,155.3
21-Nov-03,159.5
20-Nov-03,139.5
19-Nov-03,139
18-Nov-03,146
17-Nov-03,137.5
14-Nov-03,138.5
13-Nov-03,138
12-Nov-03,143.5
11-Nov-03,148.5
10-Nov-03,150
07-Nov-03,141.5
06-Nov-03,138
05-Nov-03,142
04-Nov-03,147.5
03-Nov-03,138.5
31-Oct-03,148.5
30-Oct-03,146.5
29-Oct-03,132.5
28-Oct-03,135
27-Oct-03,139.5
24-Oct-03,157
23-Oct-03,153.5
22-Oct-03,148.5
21-Oct-03,151.5
20-Oct-03,155.5
17-Oct-03,143.5
16-Oct-03,142
15-Oct-03,139.5
14-Oct-03,144
13-Oct-03,147
10-Oct-03,138.5
09-Oct-03,136.5
08-Oct-03,136.5
07-Oct-03,144.5
06-Oct-03,151.5
03-Oct-03,139.5
02-Oct-03,137.5
01-Oct-03,139
30-Sep-03,144.5
29-Sep-03,149
26-Sep-03,141
25-Sep-03,134.5
24-Sep-03,137
23-Sep-03,139.5
22-Sep-03,133.5
19-Sep-03,134
18-Sep-03,137.5
17-Sep-03,141.5
16-Sep-03,142
15-Sep-03,131.5
12-Sep-03,132.5
11-Sep-03,133.5
10-Sep-03,143.45
09-Sep-03,147
08-Sep-03,135
05-Sep-03,137.15
04-Sep-03,136
03-Sep-03,142
02-Sep-03,147.5
01-Sep-03,135
29-Aug-03,135.5
28-Aug-03,134.25
27-Aug-03,143.5
26-Aug-03,141
25-Aug-03,147.5
22-Aug-03,136
21-Aug-03,136
20-Aug-03,135
19-Aug-03,140.5
18-Aug-03,145
15-Aug-03,137
14-Aug-03,136
13-Aug-03,138.5
12-Aug-03,141
11-Aug-03,144.5
08-Aug-03,134.5
07-Aug-03,135
06-Aug-03,136
05-Aug-03,139
04-Aug-03,145.5
01-Aug-03,139
31-Jul-03,139
30-Jul-03,141.5
29-Jul-03,128
28-Jul-03,135
25-Jul-03,138
24-Jul-03,139.5
23-Jul-03,141
22-Jul-03,144.5
21-Jul-03,151
18-Jul-03,143.5
17-Jul-03,141
16-Jul-03,144
15-Jul-03,144.5
14-Jul-03,149.5
11-Jul-03,152.5
10-Jul-03,138
09-Jul-03,138
08-Jul-03,144.45
07-Jul-03,149
04-Jul-03,138.5
03-Jul-03,135
02-Jul-03,137
01-Jul-03,140
30-Jun-03,147.55
27-Jun-03,140
26-Jun-03,141
25-Jun-03,144
24-Jun-03,149.5
23-Jun-03,141.5
20-Jun-03,139.5
19-Jun-03,143
18-Jun-03,134
17-Jun-03,134.5
16-Jun-03,133.3
13-Jun-03,138
12-Jun-03,137.5
11-Jun-03,141
10-Jun-03,146
09-Jun-03,135
06-Jun-03,132.5
05-Jun-03,136.3
04-Jun-03,140.5
03-Jun-03,143
02-Jun-03,148
30-May-03,131.5
29-May-03,132
28-May-03,136
27-May-03,138
26-May-03,142.5
23-May-03,134
22-May-03,135
21-May-03,140.5
20-May-03,143.5
19-May-03,146.5
16-May-03,141.5
15-May-03,142
14-May-03,140.5
13-May-03,145
12-May-03,149
09-May-03,143
08-May-03,144
07-May-03,147
06-May-03,149.5
05-May-03,156.5
02-May-03,146
01-May-03,145
30-Apr-03,147
29-Apr-03,149
28-Apr-03,145.5
25-Apr-03,143.1
24-Apr-03,145
23-Apr-03,144
22-Apr-03,164.3
18-Apr-03,153.5
17-Apr-03,153
16-Apr-03,160.85
15-Apr-03,168
14-Apr-03,159
11-Apr-03,147
10-Apr-03,157
09-Apr-03,164.5
08-Apr-03,171.15
07-Apr-03,161
04-Apr-03,160.5
03-Apr-03,158
02-Apr-03,164
01-Apr-03,187
31-Mar-03,162.5
28-Mar-03,166.5
27-Mar-03,158
26-Mar-03,169
25-Mar-03,176
24-Mar-03,177.5
21-Mar-03,170
20-Mar-03,171.5
19-Mar-03,180
18-Mar-03,186
17-Mar-03,190.5
14-Mar-03,173.5
13-Mar-03,169
12-Mar-03,169
11-Mar-03,174
10-Mar-03,176
07-Mar-03,166
06-Mar-03,165.5
05-Mar-03,170
04-Mar-03,175
03-Mar-03,178.5
28-Feb-03,166.5
27-Feb-03,166
26-Feb-03,165.55
25-Feb-03,148.5
24-Feb-03,148.6
21-Feb-03,151.5
20-Feb-03,153.5
19-Feb-03,153.5
18-Feb-03,153
17-Feb-03,153
14-Feb-03,153
13-Feb-03,156.5
12-Feb-03,156
11-Feb-03,157.5
10-Feb-03,157
07-Feb-03,157.5
06-Feb-03,158
05-Feb-03,157
04-Feb-03,155
03-Feb-03,155.55
31-Jan-03,154.75
30-Jan-03,155
29-Jan-03,154
28-Jan-03,164
27-Jan-03,168
24-Jan-03,176
23-Jan-03,178
22-Jan-03,179
21-Jan-03,182
20-Jan-03,187
17-Jan-03,174.5
16-Jan-03,172
15-Jan-03,177
14-Jan-03,187
13-Jan-03,192.5
10-Jan-03,177.5
09-Jan-03,178
08-Jan-03,178
07-Jan-03,177
06-Jan-03,185.8
03-Jan-03,174.5
02-Jan-03,176
31-Dec-02,180
30-Dec-02,188
27-Dec-02,184
26-Dec-02,184.5
25-Dec-02,183.5
24-Dec-02,183.5
23-Dec-02,195
20-Dec-02,187
19-Dec-02,197
18-Dec-02,207.5
17-Dec-02,212.5
16-Dec-02,218
13-Dec-02,188.5
12-Dec-02,195
11-Dec-02,186
10-Dec-02,191
09-Dec-02,195
06-Dec-02,184
05-Dec-02,183.5
04-Dec-02,183.5
03-Dec-02,187.5
02-Dec-02,196.5
29-Nov-02,186
28-Nov-02,187
27-Nov-02,201
26-Nov-02,188.5
25-Nov-02,172.5
22-Nov-02,178
21-Nov-02,184.5
20-Nov-02,178
19-Nov-02,181
18-Nov-02,174
15-Nov-02,180
14-Nov-02,184
13-Nov-02,188.5
12-Nov-02,198.95
11-Nov-02,186
08-Nov-02,187
07-Nov-02,187.5
06-Nov-02,187
05-Nov-02,194.65
04-Nov-02,181.15
01-Nov-02,181
31-Oct-02,181.05
30-Oct-02,181
29-Oct-02,174.2
28-Oct-02,180.75
25-Oct-02,184.65
24-Oct-02,201
23-Oct-02,188.65
22-Oct-02,207
21-Oct-02,215
18-Oct-02,205.8
17-Oct-02,205.5
16-Oct-02,211
15-Oct-02,207
14-Oct-02,218
11-Oct-02,204.5
10-Oct-02,201.85
09-Oct-02,212.1
08-Oct-02,224
07-Oct-02,232
04-Oct-02,212
03-Oct-02,210
02-Oct-02,210
01-Oct-02,214.5
30-Sep-02,222.95
27-Sep-02,228.5
26-Sep-02,211.25
25-Sep-02,222.5
24-Sep-02,230
23-Sep-02,205
20-Sep-02,202.6
19-Sep-02,207.5
18-Sep-02,214
17-Sep-02,222.5
16-Sep-02,213.5
13-Sep-02,214
12-Sep-02,222
11-Sep-02,236
10-Sep-02,223.5
09-Sep-02,222
06-Sep-02,222
05-Sep-02,224
04-Sep-02,228.15
03-Sep-02,241.55
02-Sep-02,224
30-Aug-02,225
29-Aug-02,225
28-Aug-02,235
27-Aug-02,245.5
26-Aug-02,256.5
23-Aug-02,245.5
22-Aug-02,253
21-Aug-02,249
20-Aug-02,259
19-Aug-02,268.5
16-Aug-02,252.35
15-Aug-02,248
14-Aug-02,250
13-Aug-02,250.5
12-Aug-02,268
09-Aug-02,252.5
08-Aug-02,249
07-Aug-02,249.5
06-Aug-02,262.5
05-Aug-02,269
02-Aug-02,254
01-Aug-02,250
31-Jul-02,258
30-Jul-02,261.85
29-Jul-02,240
26-Jul-02,250.45
25-Jul-02,245
24-Jul-02,248
23-Jul-02,251.7
22-Jul-02,255
19-Jul-02,241
18-Jul-02,247.5
17-Jul-02,249
16-Jul-02,256
15-Jul-02,268.5
12-Jul-02,251
11-Jul-02,262.85
10-Jul-02,258
09-Jul-02,270
08-Jul-02,271.5
05-Jul-02,260
04-Jul-02,256
03-Jul-02,258
02-Jul-02,252
01-Jul-02,268.5
28-Jun-02,256.5
27-Jun-02,256.5
26-Jun-02,280
25-Jun-02,253
21-Jun-02,255
20-Jun-02,255
19-Jun-02,260
18-Jun-02,265
17-Jun-02,254
14-Jun-02,255.5
13-Jun-02,253
12-Jun-02,263
11-Jun-02,279
10-Jun-02,258
07-Jun-02,255
06-Jun-02,255
05-Jun-02,271
04-Jun-02,279
03-Jun-02,261.5
31-May-02,271
30-May-02,260
29-May-02,258
28-May-02,249.5
27-May-02,260.9
24-May-02,274.5
23-May-02,279
22-May-02,281
21-May-02,282
20-May-02,293
17-May-02,284
16-May-02,285.5
15-May-02,285
14-May-02,296
13-May-02,297.5
10-May-02,282.5
09-May-02,282.5
08-May-02,281
07-May-02,285.5
06-May-02,300.35
03-May-02,293.5
02-May-02,288
01-May-02,283.5
30-Apr-02,283.5
29-Apr-02,293
26-Apr-02,283
25-Apr-02,274.5
24-Apr-02,303
23-Apr-02,312
22-Apr-02,284.5
19-Apr-02,280
18-Apr-02,288
17-Apr-02,303
16-Apr-02,307
15-Apr-02,293
12-Apr-02,291.1
11-Apr-02,293
10-Apr-02,296
09-Apr-02,304
08-Apr-02,296
05-Apr-02,291.5
04-Apr-02,290
03-Apr-02,295.5
02-Apr-02,309
01-Apr-02,328.5
29-Mar-02,328.5
28-Mar-02,298.5
27-Mar-02,315
26-Mar-02,306.5
25-Mar-02,312.5
22-Mar-02,297
21-Mar-02,310.5
20-Mar-02,320.5
19-Mar-02,330.5
18-Mar-02,332.5
15-Mar-02,305.5
14-Mar-02,302.5
13-Mar-02,301.55
12-Mar-02,323.5
11-Mar-02,338.45
08-Mar-02,305
07-Mar-02,295
06-Mar-02,292.75
05-Mar-02,292.5
04-Mar-02,308.5
01-Mar-02,302
28-Feb-02,307
27-Feb-02,309.5
26-Feb-02,282.5
25-Feb-02,270.5
22-Feb-02,267
21-Feb-02,277.5
20-Feb-02,279
19-Feb-02,281.5
18-Feb-02,285
15-Feb-02,290
14-Feb-02,277.5
13-Feb-02,283.5
12-Feb-02,292.5
11-Feb-02,294
08-Feb-02,297
07-Feb-02,325
06-Feb-02,320
05-Feb-02,304
04-Feb-02,298.5
01-Feb-02,301
31-Jan-02,306
30-Jan-02,303
29-Jan-02,319.5
28-Jan-02,315
25-Jan-02,320
24-Jan-02,337.5
23-Jan-02,338
22-Jan-02,344
21-Jan-02,359
18-Jan-02,345
17-Jan-02,357
16-Jan-02,355
15-Jan-02,375
14-Jan-02,395
11-Jan-02,360.5
10-Jan-02,346.5
09-Jan-02,335
08-Jan-02,340
07-Jan-02,350
04-Jan-02,337.5
03-Jan-02,363.75
02-Jan-02,336.5
31-Dec-01,364
28-Dec-01,365
27-Dec-01,337.5
24-Dec-01,342.5
21-Dec-01,350
20-Dec-01,349
19-Dec-01,377
18-Dec-01,405
17-Dec-01,422.5
14-Dec-01,407.5
13-Dec-01,392
12-Dec-01,380
11-Dec-01,400
10-Dec-01,396.5
07-Dec-01,367
06-Dec-01,353
05-Dec-01,360
04-Dec-01,370
03-Dec-01,368
30-Nov-01,366
29-Nov-01,380
28-Nov-01,376
27-Nov-01,400
26-Nov-01,375
23-Nov-01,417.5
22-Nov-01,468
21-Nov-01,485
20-Nov-01,495
19-Nov-01,456
16-Nov-01,448
15-Nov-01,441
14-Nov-01,450
13-Nov-01,470
12-Nov-01,441
09-Nov-01,434
08-Nov-01,434
07-Nov-01,442
06-Nov-01,444
05-Nov-01,431.5
02-Nov-01,431
01-Nov-01,412
31-Oct-01,414
30-Oct-01,431
29-Oct-01,410
26-Oct-01,431
25-Oct-01,415
24-Oct-01,416
23-Oct-01,437
22-Oct-01,457
19-Oct-01,423
18-Oct-01,427.5
17-Oct-01,419.5
16-Oct-01,435
15-Oct-01,449
12-Oct-01,444
11-Oct-01,437.5
10-Oct-01,454
09-Oct-01,464.5
08-Oct-01,479
05-Oct-01,439.5
04-Oct-01,449
03-Oct-01,440
02-Oct-01,456.5
01-Oct-01,469
28-Sep-01,444
27-Sep-01,450
26-Sep-01,480
25-Sep-01,439
24-Sep-01,408
21-Sep-01,410
20-Sep-01,407
19-Sep-01,427.5
18-Sep-01,438.5
17-Sep-01,417.5
14-Sep-01,408.4
13-Sep-01,417.5
12-Sep-01,440
11-Sep-01,430
10-Sep-01,400
07-Sep-01,396
06-Sep-01,395.5
05-Sep-01,421.5
04-Sep-01,439.5
03-Sep-01,403.5
31-Aug-01,404.5
30-Aug-01,408
29-Aug-01,390
28-Aug-01,422.5
27-Aug-01,410
24-Aug-01,425
23-Aug-01,425
22-Aug-01,425.5
21-Aug-01,445
20-Aug-01,474.5
17-Aug-01,447.5
16-Aug-01,444.5
15-Aug-01,437.25
14-Aug-01,433
13-Aug-01,448
10-Aug-01,428.25
09-Aug-01,429
08-Aug-01,425.25
07-Aug-01,442.25
06-Aug-01,454.5
03-Aug-01,428
02-Aug-01,435
01-Aug-01,451
31-Jul-01,455
30-Jul-01,470
27-Jul-01,426.5
26-Jul-01,419
25-Jul-01,422
24-Jul-01,436.5
23-Jul-01,450.5
20-Jul-01,430
19-Jul-01,429
18-Jul-01,428
17-Jul-01,452.5
16-Jul-01,470
13-Jul-01,452.5
12-Jul-01,465
11-Jul-01,492.5
10-Jul-01,490
09-Jul-01,532.5
06-Jul-01,462.25
05-Jul-01,424
04-Jul-01,419.5
03-Jul-01,430
02-Jul-01,434.5
29-Jun-01,415.5
28-Jun-01,416.25
27-Jun-01,430
26-Jun-01,455
25-Jun-01,430
22-Jun-01,436.5
21-Jun-01,439.5
20-Jun-01,457.25
19-Jun-01,472.5
18-Jun-01,443.25
15-Jun-01,431.5
14-Jun-01,433.5
13-Jun-01,434
12-Jun-01,448.5
11-Jun-01,447.5
08-Jun-01,450.5
07-Jun-01,450
06-Jun-01,464.5
05-Jun-01,474
04-Jun-01,445
01-Jun-01,448
31-May-01,461.25
30-May-01,459.5
29-May-01,425
28-May-01,429.5
25-May-01,439.5
24-May-01,447.25
23-May-01,452
22-May-01,469.25
21-May-01,488.25
18-May-01,495
17-May-01,466.5
16-May-01,466
15-May-01,483.5
14-May-01,500.25
11-May-01,465.25
10-May-01,470.5
09-May-01,459.25
08-May-01,464.5
07-May-01,473
04-May-01,445.25
03-May-01,445.5
02-May-01,445.25
30-Apr-01,442.5
27-Apr-01,471
26-Apr-01,455
25-Apr-01,459.5
24-Apr-01,463
23-Apr-01,418
20-Apr-01,417.5
19-Apr-01,421
18-Apr-01,426
17-Apr-01,431.5
13-Apr-01,413.5
12-Apr-01,418.25
11-Apr-01,495
10-Apr-01,444.5
09-Apr-01,415
06-Apr-01,414.25
05-Apr-01,409
04-Apr-01,422.5
03-Apr-01,440
02-Apr-01,417.5
30-Mar-01,430.5
29-Mar-01,417.5
28-Mar-01,436.5
27-Mar-01,475.5
26-Mar-01,489.5
23-Mar-01,470
22-Mar-01,475
21-Mar-01,477
20-Mar-01,496.5
19-Mar-01,514.5
16-Mar-01,476.5
15-Mar-01,467.5
14-Mar-01,473.5
13-Mar-01,486
12-Mar-01,488.5
09-Mar-01,441
08-Mar-01,440
07-Mar-01,440.5
06-Mar-01,457.5
05-Mar-01,475
02-Mar-01,440.5
01-Mar-01,443.5
28-Feb-01,459
27-Feb-01,470
26-Feb-01,452.5
23-Feb-01,427.5
22-Feb-01,430
21-Feb-01,437.5
20-Feb-01,435
19-Feb-01,430.5
16-Feb-01,428.5
15-Feb-01,428.5
14-Feb-01,428
13-Feb-01,427.5
12-Feb-01,430.5
09-Feb-01,434.45
08-Feb-01,428.5
07-Feb-01,429
06-Feb-01,430.5
05-Feb-01,422.95
02-Feb-01,420
01-Feb-01,420
31-Jan-01,432.45
30-Jan-01,434
29-Jan-01,439
26-Jan-01,447.5
25-Jan-01,461.5
24-Jan-01,472.5
23-Jan-01,500
22-Jan-01,512.5
19-Jan-01,461
18-Jan-01,475.5
17-Jan-01,492.5
16-Jan-01,495.5
15-Jan-01,509
12-Jan-01,467.5
11-Jan-01,470.5
10-Jan-01,471
09-Jan-01,483.5
08-Jan-01,497.5
05-Jan-01,468.5
04-Jan-01,465
03-Jan-01,440.5
02-Jan-01,465
29-Dec-00,477
28-Dec-00,457.5
27-Dec-00,479
22-Dec-00,500
21-Dec-00,505
20-Dec-00,485
19-Dec-00,505
18-Dec-00,497
15-Dec-00,470
14-Dec-00,475.5
13-Dec-00,482
12-Dec-00,521
11-Dec-00,534.5
08-Dec-00,479.5
07-Dec-00,494.5
06-Dec-00,478
05-Dec-00,505
04-Dec-00,516.5
01-Dec-00,501.5
30-Nov-00,502.5
29-Nov-00,517
28-Nov-00,464
27-Nov-00,482
24-Nov-00,508.5
23-Nov-00,465
22-Nov-00,512.5
21-Nov-00,545
20-Nov-00,478
17-Nov-00,473
16-Nov-00,480.5
15-Nov-00,492
14-Nov-00,510
13-Nov-00,482.5
10-Nov-00,483
09-Nov-00,485
08-Nov-00,500
07-Nov-00,501.5
06-Nov-00,479
03-Nov-00,472.5
02-Nov-00,485
01-Nov-00,505
31-Oct-00,507.5
30-Oct-00,535
27-Oct-00,503.5
26-Oct-00,525
25-Oct-00,502
24-Oct-00,534
23-Oct-00,543
20-Oct-00,500
19-Oct-00,520
18-Oct-00,505.5
17-Oct-00,520
16-Oct-00,527.5
13-Oct-00,506
12-Oct-00,494
11-Oct-00,489
10-Oct-00,497.5
09-Oct-00,480
06-Oct-00,483
05-Oct-00,477
04-Oct-00,483
03-Oct-00,457.5
02-Oct-00,510.4
29-Sep-00,481
28-Sep-00,493
27-Sep-00,492
26-Sep-00,475.45
25-Sep-00,468.45
22-Sep-00,453.5
21-Sep-00,463.5
20-Sep-00,478.5
19-Sep-00,484.1
18-Sep-00,467
15-Sep-00,471
14-Sep-00,471
13-Sep-00,484
12-Sep-00,494
11-Sep-00,459
08-Sep-00,462
07-Sep-00,460
06-Sep-00,416.5
05-Sep-00,497
04-Sep-00,449.5
01-Sep-00,451.5
31-Aug-00,455
30-Aug-00,464.5
29-Aug-00,414
28-Aug-00,415.35
25-Aug-00,417.5
24-Aug-00,417
23-Aug-00,414.5
22-Aug-00,435
21-Aug-00,449.5
18-Aug-00,420
17-Aug-00,423
16-Aug-00,425.5
15-Aug-00,426
14-Aug-00,426
11-Aug-00,437.5
10-Aug-00,418
09-Aug-00,413.5
08-Aug-00,433
07-Aug-00,428
04-Aug-00,417.5
03-Aug-00,417
02-Aug-00,427.5
01-Aug-00,417.5
31-Jul-00,455.9
28-Jul-00,420
27-Jul-00,409.5
26-Jul-00,416.5
25-Jul-00,425
24-Jul-00,438
21-Jul-00,412.5
20-Jul-00,415
19-Jul-00,416.5
18-Jul-00,420
17-Jul-00,439
14-Jul-00,414
13-Jul-00,415
12-Jul-00,415
11-Jul-00,424.5
10-Jul-00,432.5
07-Jul-00,415
06-Jul-00,408.5
05-Jul-00,410
04-Jul-00,418
03-Jul-00,431
30-Jun-00,433.5
29-Jun-00,412
28-Jun-00,417.5
27-Jun-00,426
26-Jun-00,406.5
23-Jun-00,411.75
22-Jun-00,413.5
21-Jun-00,413.5
20-Jun-00,439.5
19-Jun-00,432.5
16-Jun-00,415
15-Jun-00,404
14-Jun-00,418
13-Jun-00,434
12-Jun-00,410
09-Jun-00,412.1
08-Jun-00,415
07-Jun-00,411
06-Jun-00,425.5
05-Jun-00,402
02-Jun-00,401.5
01-Jun-00,396.5
31-May-00,413.5
30-May-00,443
29-May-00,430
26-May-00,443
25-May-00,427
24-May-00,421.5
23-May-00,449.5
22-May-00,433
19-May-00,432
18-May-00,441.5
17-May-00,428
16-May-00,437
15-May-00,453.5
12-May-00,440.5
11-May-00,440
10-May-00,439.5
09-May-00,459.5
08-May-00,485
05-May-00,457.5
04-May-00,453.5
03-May-00,455
02-May-00,450.5
28-Apr-00,459
27-Apr-00,437.5
26-Apr-00,446.55
25-Apr-00,448.5
21-Apr-00,423.5
20-Apr-00,420.5
19-Apr-00,417.5
18-Apr-00,443.5
17-Apr-00,416
14-Apr-00,409.5
13-Apr-00,404.5
12-Apr-00,410
11-Apr-00,428.6
10-Apr-00,405
07-Apr-00,404.5
06-Apr-00,417.5
05-Apr-00,425.5
04-Apr-00,437.5
03-Apr-00,400.5
31-Mar-00,401.5
30-Mar-00,411.5
29-Mar-00,370
28-Mar-00,380
27-Mar-00,383
24-Mar-00,403
23-Mar-00,410
22-Mar-00,421
21-Mar-00,445
20-Mar-00,448
17-Mar-00,467.5
16-Mar-00,417.5
15-Mar-00,417.5
14-Mar-00,440
13-Mar-00,447.5
10-Mar-00,420.5
09-Mar-00,414.5
08-Mar-00,425
07-Mar-00,434
06-Mar-00,460
03-Mar-00,419.5
02-Mar-00,422.5
01-Mar-00,419
29-Feb-00,456.5
28-Feb-00,421.5
25-Feb-00,415
24-Feb-00,384.5
23-Feb-00,410
22-Feb-00,355
21-Feb-00,361.5
18-Feb-00,365
17-Feb-00,360
16-Feb-00,395
15-Feb-00,365
14-Feb-00,367.5
11-Feb-00,374.5
10-Feb-00,363
09-Feb-00,398
08-Feb-00,368.5
07-Feb-00,362.5
04-Feb-00,366
03-Feb-00,364
02-Feb-00,402
01-Feb-00,375
31-Jan-00,372.5
28-Jan-00,380
27-Jan-00,363.5
26-Jan-00,418
25-Jan-00,407.5
24-Jan-00,405.5
21-Jan-00,381
20-Jan-00,378.5
19-Jan-00,400
18-Jan-00,402.5
17-Jan-00,417
14-Jan-00,376
13-Jan-00,386
12-Jan-00,382
11-Jan-00,405.5
10-Jan-00,400
07-Jan-00,372
06-Jan-00,377.1
05-Jan-00,412.5
04-Jan-00,404.5
03-Jan-00,409.5
31-Dec-99,465
30-Dec-99,450
29-Dec-99,450
28-Dec-99,439
27-Dec-99,530
24-Dec-99,483.5
23-Dec-99,555
22-Dec-99,556.5
21-Dec-99,615
20-Dec-99,615
17-Dec-99,475
16-Dec-99,480
15-Dec-99,440
14-Dec-99,461
13-Dec-99,487
10-Dec-99,460
09-Dec-99,441
08-Dec-99,460
07-Dec-99,515
06-Dec-99,490
03-Dec-99,475
02-Dec-99,457.5
01-Dec-99,411.5
30-Nov-99,406.5
29-Nov-99,405.5
26-Nov-99,394
25-Nov-99,382.5
24-Nov-99,375.5
23-Nov-99,400
22-Nov-99,372.5
19-Nov-99,357.5
18-Nov-99,410
17-Nov-99,410
16-Nov-99,440
15-Nov-99,360.1
12-Nov-99,397.5
11-Nov-99,370
10-Nov-99,370
09-Nov-99,330
08-Nov-99,320.5
05-Nov-99,341.5
04-Nov-99,355
03-Nov-99,345.5
02-Nov-99,357.35
01-Nov-99,344
29-Oct-99,344
28-Oct-99,316
27-Oct-99,334
26-Oct-99,318
25-Oct-99,327.5
22-Oct-99,307.5
21-Oct-99,347
20-Oct-99,322.5
19-Oct-99,387.5
18-Oct-99,348
15-Oct-99,365
14-Oct-99,308
13-Oct-99,307
12-Oct-99,316
11-Oct-99,327
08-Oct-99,307.5
07-Oct-99,304.5
06-Oct-99,307.5
05-Oct-99,315
04-Oct-99,328.5
01-Oct-99,311
30-Sep-99,324.5
29-Sep-99,308.5
28-Sep-99,288
27-Sep-99,300
24-Sep-99,300
23-Sep-99,299
22-Sep-99,285
21-Sep-99,312.5
20-Sep-99,276
17-Sep-99,285
16-Sep-99,295
15-Sep-99,277
14-Sep-99,282
13-Sep-99,265.5
10-Sep-99,263.5
09-Sep-99,263
08-Sep-99,284.35
07-Sep-99,297.5
06-Sep-99,260
03-Sep-99,257
02-Sep-99,259
01-Sep-99,266
31-Aug-99,276
30-Aug-99,260
27-Aug-99,259.5
26-Aug-99,272.5
25-Aug-99,266.55
24-Aug-99,277.45
23-Aug-99,288.5
20-Aug-99,264.5
19-Aug-99,271
18-Aug-99,265.5
17-Aug-99,269.5
16-Aug-99,288
13-Aug-99,272.5
12-Aug-99,264.9
11-Aug-99,265.5
10-Aug-99,275
09-Aug-99,289.75
06-Aug-99,273.55
05-Aug-99,276.5
04-Aug-99,286.5
03-Aug-99,301
02-Aug-99,250.5
30-Jul-99,264
29-Jul-99,264.5
28-Jul-99,268.5
27-Jul-99,269.5
26-Jul-99,280.5
23-Jul-99,263
22-Jul-99,266
21-Jul-99,265
20-Jul-99,275.5
19-Jul-99,287.5
16-Jul-99,265
15-Jul-99,267.5
14-Jul-99,269.5
13-Jul-99,279.5
12-Jul-99,260
09-Jul-99,268.5
08-Jul-99,268.5
07-Jul-99,268
06-Jul-99,277.5
05-Jul-99,289
02-Jul-99,268.5
01-Jul-99,271
30-Jun-99,274.5
29-Jun-99,278.5
28-Jun-99,261
25-Jun-99,260
24-Jun-99,262
23-Jun-99,273
22-Jun-99,284
21-Jun-99,267
18-Jun-99,266
17-Jun-99,265.5
16-Jun-99,275
15-Jun-99,284
14-Jun-99,266.5
11-Jun-99,267.5
10-Jun-99,269
09-Jun-99,279
08-Jun-99,290
07-Jun-99,273.5
04-Jun-99,274
03-Jun-99,273.5
02-Jun-99,274.5
01-Jun-99,291
31-May-99,272.5
28-May-99,273
27-May-99,274.5
26-May-99,301.5
25-May-99,296.35
24-May-99,297.5
21-May-99,279.5
20-May-99,288.5
19-May-99,287
18-May-99,285
17-May-99,295
14-May-99,279.5
13-May-99,280
12-May-99,279.5
11-May-99,288.5
10-May-99,294.5
07-May-99,276.5
06-May-99,276.5
05-May-99,278
04-May-99,291.5
30-Apr-99,281
29-Apr-99,284
28-Apr-99,257
27-Apr-99,264.5
26-Apr-99,274.5
23-Apr-99,270
22-Apr-99,270.5
21-Apr-99,282.5
20-Apr-99,295
19-Apr-99,273.5
16-Apr-99,265
15-Apr-99,288
14-Apr-99,287.5
13-Apr-99,288
12-Apr-99,264.5
09-Apr-99,266
08-Apr-99,266
07-Apr-99,344
06-Apr-99,354.5
02-Apr-99,269.5
01-Apr-99,269
31-Mar-99,285
30-Mar-99,265
29-Mar-99,265.5
26-Mar-99,281.5
25-Mar-99,277
24-Mar-99,276.5
23-Mar-99,282
22-Mar-99,290.5
19-Mar-99,269.5
18-Mar-99,275
17-Mar-99,271
16-Mar-99,295.5
15-Mar-99,292
12-Mar-99,273.5
11-Mar-99,278.5
10-Mar-99,270.5
09-Mar-99,279.5
08-Mar-99,247
05-Mar-99,272
04-Mar-99,278.5
03-Mar-99,273.5
02-Mar-99,291.5
01-Mar-99,288.5
26-Feb-99,277
25-Feb-99,273.5
24-Feb-99,286.5
23-Feb-99,241
22-Feb-99,244
19-Feb-99,238.5
18-Feb-99,235.5
17-Feb-99,238
16-Feb-99,241
15-Feb-99,236.5
12-Feb-99,236
11-Feb-99,233
10-Feb-99,237.75
09-Feb-99,238.5
08-Feb-99,234.5
05-Feb-99,232.5
04-Feb-99,230.5
03-Feb-99,231
02-Feb-99,237.5
01-Feb-99,237
29-Jan-99,229.5
28-Jan-99,236.5
27-Jan-99,235.5
26-Jan-99,245
25-Jan-99,247
22-Jan-99,266
21-Jan-99,257.5
20-Jan-99,260
19-Jan-99,323.5
18-Jan-99,315.5
15-Jan-99,320
14-Jan-99,318
13-Jan-99,334.5
12-Jan-99,335
11-Jan-99,341
08-Jan-99,312.5
07-Jan-99,288
06-Jan-99,301
05-Jan-99,313
04-Jan-99,326
31-Dec-98,303
30-Dec-98,302
29-Dec-98,292.5
28-Dec-98,293
25-Dec-98,294.5
24-Dec-98,294.5
23-Dec-98,295
22-Dec-98,289
21-Dec-98,309
18-Dec-98,294.5
17-Dec-98,299.5
16-Dec-98,295
15-Dec-98,312.5
14-Dec-98,330
11-Dec-98,306.5
10-Dec-98,310
09-Dec-98,306.5
08-Dec-98,347
07-Dec-98,310
04-Dec-98,339
03-Dec-98,336
02-Dec-98,344.5
01-Dec-98,350
30-Nov-98,363
27-Nov-98,376.5
26-Nov-98,348.5
25-Nov-98,357
24-Nov-98,325
23-Nov-98,382
20-Nov-98,367.5
19-Nov-98,335
18-Nov-98,319.5
17-Nov-98,347
16-Nov-98,314.5
13-Nov-98,339.5
12-Nov-98,335.5
10-Nov-98,347.5
09-Nov-98,359.5
06-Nov-98,332
05-Nov-98,333.5
04-Nov-98,346.5
03-Nov-98,358
02-Nov-98,336
30-Oct-98,336
29-Oct-98,344.5
28-Oct-98,359.5
27-Oct-98,391
26-Oct-98,400
23-Oct-98,354
22-Oct-98,394
21-Oct-98,388
20-Oct-98,390.5
19-Oct-98,356
16-Oct-98,372
15-Oct-98,373
14-Oct-98,379
13-Oct-98,390.5
12-Oct-98,405.5
09-Oct-98,384
08-Oct-98,383
07-Oct-98,384
06-Oct-98,397.5
05-Oct-98,419
02-Oct-98,385.5
01-Oct-98,394.5
30-Sep-98,384.5
29-Sep-98,404
28-Sep-98,363.5
25-Sep-98,375
24-Sep-98,370.5
23-Sep-98,383.5
22-Sep-98,397
21-Sep-98,375.5
18-Sep-98,372.5
17-Sep-98,374
16-Sep-98,386
15-Sep-98,397
14-Sep-98,374.5
11-Sep-98,379.5
10-Sep-98,373
09-Sep-98,436
08-Sep-98,443
07-Sep-98,419.5
04-Sep-98,430
03-Sep-98,412
02-Sep-98,439
01-Sep-98,443
31-Aug-98,427
28-Aug-98,461
27-Aug-98,439
26-Aug-98,452.5
25-Aug-98,474
24-Aug-98,482.5
21-Aug-98,465
20-Aug-98,433
19-Aug-98,418
18-Aug-98,416
17-Aug-98,433
14-Aug-98,411
13-Aug-98,402.5
12-Aug-98,403
11-Aug-98,416
10-Aug-98,426
07-Aug-98,416.5
06-Aug-98,395.5
05-Aug-98,386
04-Aug-98,415
03-Aug-98,434
31-Jul-98,386.5
30-Jul-98,395
29-Jul-98,401
28-Jul-98,414.5
27-Jul-98,441
24-Jul-98,416.5
23-Jul-98,419.5
22-Jul-98,427
21-Jul-98,426.5
20-Jul-98,434.5
17-Jul-98,421
16-Jul-98,424.5
15-Jul-98,447.5
14-Jul-98,486.5
13-Jul-98,506
10-Jul-98,475.5
09-Jul-98,494
08-Jul-98,477
07-Jul-98,505.5
06-Jul-98,511.5
03-Jul-98,480
02-Jul-98,485.5
01-Jul-98,482.5
30-Jun-98,501
29-Jun-98,522.5
26-Jun-98,484
25-Jun-98,464.5
24-Jun-98,478.5
23-Jun-98,506
22-Jun-98,464.5
19-Jun-98,486
18-Jun-98,461.5
17-Jun-98,474.5
16-Jun-98,490.5
15-Jun-98,472.5
12-Jun-98,476
10-Jun-98,462.5
09-Jun-98,473
08-Jun-98,461.5
05-Jun-98,464.5
04-Jun-98,461
03-Jun-98,493
02-Jun-98,502.5
01-Jun-98,475.5
29-May-98,410
28-May-98,456.5
27-May-98,495
26-May-98,502
25-May-98,511.5
22-May-98,475.5
21-May-98,478
20-May-98,517
19-May-98,495.5
18-May-98,526
15-May-98,508
14-May-98,508.5
13-May-98,507.5
12-May-98,523
11-May-98,539.5
08-May-98,504
07-May-98,524.5
06-May-98,500.5
05-May-98,519.5
04-May-98,528.5
30-Apr-98,513.5
29-Apr-98,531
28-Apr-98,476
27-Apr-98,495.95
24-Apr-98,505
23-Apr-98,501.5
22-Apr-98,557.5
21-Apr-98,581
20-Apr-98,517.5
17-Apr-98,540.5
16-Apr-98,540
15-Apr-98,546
14-Apr-98,567.5
10-Apr-98,525
09-Apr-98,535
08-Apr-98,579.5
07-Apr-98,579.1
06-Apr-98,552.5
03-Apr-98,544.5
02-Apr-98,545
01-Apr-98,560.65
31-Mar-98,575.5
30-Mar-98,596.5
27-Mar-98,551
26-Mar-98,646
25-Mar-98,559.5
24-Mar-98,587
23-Mar-98,572
20-Mar-98,568
19-Mar-98,577.5
18-Mar-98,574
17-Mar-98,587
16-Mar-98,608
13-Mar-98,577.5
12-Mar-98,574.5
11-Mar-98,582.5
10-Mar-98,596
09-Mar-98,615.5
06-Mar-98,532.5
05-Mar-98,569.5
04-Mar-98,562.8
03-Mar-98,580
02-Mar-98,591
27-Feb-98,585.5
26-Feb-98,535
25-Feb-98,559.5
24-Feb-98,485
23-Feb-98,482.5
20-Feb-98,489.5
19-Feb-98,515.5
18-Feb-98,506
17-Feb-98,502.5
16-Feb-98,507
13-Feb-98,542
12-Feb-98,515
11-Feb-98,525
10-Feb-98,522.5
09-Feb-98,530
06-Feb-98,536.5
05-Feb-98,527.5
04-Feb-98,540
03-Feb-98,542.5
02-Feb-98,548.5
30-Jan-98,552
29-Jan-98,529.5
28-Jan-98,552
27-Jan-98,570
26-Jan-98,562
23-Jan-98,584.5
22-Jan-98,585.5
21-Jan-98,595.5
20-Jan-98,590.5
19-Jan-98,660.5
16-Jan-98,601.5
15-Jan-98,606.5
14-Jan-98,615.5
13-Jan-98,648
12-Jan-98,655
09-Jan-98,588
08-Jan-98,583.5
07-Jan-98,582.5
06-Jan-98,606
05-Jan-98,634.5
02-Jan-98,600
31-Dec-97,595.5
30-Dec-97,591
29-Dec-97,574.5
26-Dec-97,607.5
25-Dec-97,607.5
24-Dec-97,607.5
23-Dec-97,579.5
22-Dec-97,631
19-Dec-97,568.5
18-Dec-97,580
17-Dec-97,578.5
16-Dec-97,604
15-Dec-97,625.5
12-Dec-97,581.5
11-Dec-97,605
10-Dec-97,572.5
09-Dec-97,629
08-Dec-97,652.5
05-Dec-97,579
04-Dec-97,594.5
03-Dec-97,581.5
02-Dec-97,605.5
01-Dec-97,557.5
28-Nov-97,572
27-Nov-97,587.5
26-Nov-97,597
25-Nov-97,571
24-Nov-97,625
21-Nov-97,621
20-Nov-97,546
19-Nov-97,567.5
18-Nov-97,585
17-Nov-97,545
14-Nov-97,545
13-Nov-97,545.5
12-Nov-97,554.5
11-Nov-97,586
10-Nov-97,586
07-Nov-97,542.5
06-Nov-97,540.5
05-Nov-97,574
04-Nov-97,572
03-Nov-97,536
31-Oct-97,542.5
30-Oct-97,540.5
29-Oct-97,554
28-Oct-97,579
27-Oct-97,534
24-Oct-97,545
23-Oct-97,565
22-Oct-97,542
21-Oct-97,566
20-Oct-97,554.5
17-Oct-97,555.5
16-Oct-97,547
15-Oct-97,547
14-Oct-97,566
13-Oct-97,585
10-Oct-97,583
09-Oct-97,555
08-Oct-97,551.5
07-Oct-97,572.5
06-Oct-97,590
03-Oct-97,550.5
02-Oct-97,552
01-Oct-97,548.5
30-Sep-97,578
29-Sep-97,580
26-Sep-97,535
25-Sep-97,535.5
24-Sep-97,560.5
23-Sep-97,577.5
22-Sep-97,539.5
19-Sep-97,537.5
18-Sep-97,537.5
17-Sep-97,555.5
16-Sep-97,570.5
15-Sep-97,531.5
12-Sep-97,530
11-Sep-97,541
10-Sep-97,573.5
09-Sep-97,600
08-Sep-97,548
05-Sep-97,551
04-Sep-97,562.5
03-Sep-97,573
02-Sep-97,593.5
01-Sep-97,611.5
29-Aug-97,559
28-Aug-97,575
27-Aug-97,590.5
26-Aug-97,590.5
25-Aug-97,600
22-Aug-97,570.5
21-Aug-97,566.5
20-Aug-97,548
19-Aug-97,566
18-Aug-97,583.5
15-Aug-97,556
14-Aug-97,556
13-Aug-97,557.5
12-Aug-97,579
11-Aug-97,586
08-Aug-97,564
07-Aug-97,549
06-Aug-97,562
05-Aug-97,584
04-Aug-97,592
01-Aug-97,593.5
31-Jul-97,581.5
30-Jul-97,555.5
29-Jul-97,555
28-Jul-97,541
25-Jul-97,549
24-Jul-97,547.5
23-Jul-97,554
22-Jul-97,570.5
21-Jul-97,590.5
18-Jul-97,580
17-Jul-97,543
16-Jul-97,557.5
15-Jul-97,564.5
14-Jul-97,540
11-Jul-97,490.5
10-Jul-97,472.5
09-Jul-97,486.5
08-Jul-97,497
07-Jul-97,517
04-Jul-97,491
03-Jul-97,468
02-Jul-97,480.5
01-Jul-97,496
30-Jun-97,500
27-Jun-97,470
26-Jun-97,463
25-Jun-97,463
24-Jun-97,480.5
23-Jun-97,448
20-Jun-97,446
19-Jun-97,449
18-Jun-97,461
17-Jun-97,478
16-Jun-97,450
13-Jun-97,449.5
12-Jun-97,447.5
11-Jun-97,460
10-Jun-97,475.5
09-Jun-97,447.5
06-Jun-97,443.5
05-Jun-97,452.5
04-Jun-97,463.5
03-Jun-97,476.5
02-Jun-97,491
30-May-97,449.5
29-May-97,465
28-May-97,465
27-May-97,477
26-May-97,489
23-May-97,489
22-May-97,457
21-May-97,451.5
20-May-97,467
19-May-97,480
16-May-97,490
15-May-97,451.5
14-May-97,456.5
13-May-97,479
12-May-97,486
09-May-97,456
08-May-97,458
07-May-97,458
06-May-97,482.5
05-May-97,480
02-May-97,452.5
01-May-97,462.5
30-Apr-97,462.5
29-Apr-97,457.5
28-Apr-97,440
25-Apr-97,443
24-Apr-97,430
23-Apr-97,459
22-Apr-97,428
21-Apr-97,434
18-Apr-97,439.5
17-Apr-97,442.5
16-Apr-97,473
15-Apr-97,492
14-Apr-97,444.5
11-Apr-97,447
10-Apr-97,444
09-Apr-97,462
08-Apr-97,464
07-Apr-97,434.5
04-Apr-97,443.5
03-Apr-97,419
02-Apr-97,420.5
01-Apr-97,434
31-Mar-97,432
28-Mar-97,432
27-Mar-97,491
26-Mar-97,452.5
25-Mar-97,460
24-Mar-97,485
21-Mar-97,440
20-Mar-97,436.5
19-Mar-97,441
18-Mar-97,502.5
17-Mar-97,471.5
14-Mar-97,442.5
13-Mar-97,441.7
12-Mar-97,442
11-Mar-97,451.5
10-Mar-97,473.5
07-Mar-97,440
06-Mar-97,441
05-Mar-97,444.5
04-Mar-97,461
03-Mar-97,428
28-Feb-97,442
27-Feb-97,421
26-Feb-97,444
25-Feb-97,394
24-Feb-97,393
21-Feb-97,391.5
20-Feb-97,394
19-Feb-97,387
18-Feb-97,396.5
17-Feb-97,395
14-Feb-97,397.5
13-Feb-97,431.5
12-Feb-97,395.5
11-Feb-97,390
10-Feb-97,389
07-Feb-97,388.5
06-Feb-97,392.5
05-Feb-97,385
04-Feb-97,397.5
03-Feb-97,382
31-Jan-97,379
30-Jan-97,380.85
29-Jan-97,414
28-Jan-97,409
27-Jan-97,408
24-Jan-97,416.5
23-Jan-97,416.5
22-Jan-97,418
21-Jan-97,439.65
20-Jan-97,439.65
17-Jan-97,410
16-Jan-97,407.5
15-Jan-97,424.5
14-Jan-97,442.5
13-Jan-97,450.5
10-Jan-97,416
09-Jan-97,425
08-Jan-97,409.5
07-Jan-97,428
06-Jan-97,422.5
03-Jan-97,409.5
02-Jan-97,389.5
31-Dec-96,367
30-Dec-96,367
27-Dec-96,400
26-Dec-96,400
25-Dec-96,400
24-Dec-96,400
23-Dec-96,400
20-Dec-96,400
19-Dec-96,400
18-Dec-96,402.5
17-Dec-96,400
16-Dec-96,398.5
13-Dec-96,377.5
12-Dec-96,385.5
11-Dec-96,385.5
10-Dec-96,432.5
09-Dec-96,468.5
06-Dec-96,453
05-Dec-96,432
04-Dec-96,407.5
03-Dec-96,405
02-Dec-96,376.5
29-Nov-96,337
28-Nov-96,334
27-Nov-96,358
26-Nov-96,340
25-Nov-96,331
22-Nov-96,336
21-Nov-96,350
20-Nov-96,350.5
19-Nov-96,347
18-Nov-96,327
15-Nov-96,328
14-Nov-96,326
13-Nov-96,331.5
12-Nov-96,344.5
11-Nov-96,325
08-Nov-96,325
07-Nov-96,328
06-Nov-96,329
05-Nov-96,327.5
04-Nov-96,326.5
01-Nov-96,328
31-Oct-96,328
30-Oct-96,330
29-Oct-96,319
28-Oct-96,322.5
25-Oct-96,337.5
24-Oct-96,347.5
23-Oct-96,338.25
22-Oct-96,349.5
21-Oct-96,361
18-Oct-96,340.75
17-Oct-96,338.5
16-Oct-96,336.65
15-Oct-96,336.85
14-Oct-96,333.95
11-Oct-96,332.55
10-Oct-96,337.5
09-Oct-96,342
08-Oct-96,356.5
07-Oct-96,371
04-Oct-96,337.7
03-Oct-96,362.5
02-Oct-96,345
01-Oct-96,325
30-Sep-96,360
27-Sep-96,331
26-Sep-96,325
25-Sep-96,330
24-Sep-96,314
23-Sep-96,315.5
20-Sep-96,320
19-Sep-96,334
18-Sep-96,356.5
17-Sep-96,335.15
16-Sep-96,335
13-Sep-96,327.5
12-Sep-96,315
11-Sep-96,329.85
10-Sep-96,353.5
09-Sep-96,313
05-Sep-96,310
04-Sep-96,321.45
03-Sep-96,321
02-Sep-96,306.85
30-Aug-96,311
29-Aug-96,304.5
28-Aug-96,306
27-Aug-96,317.5
26-Aug-96,321
23-Aug-96,320
22-Aug-96,317.5
