Date,Line(QTRY1M=)
28-Mar-17,313.3
27-Mar-17,322.78
24-Mar-17,322.43
23-Mar-17,324.5
22-Mar-17,333.22
21-Mar-17,347.41
20-Mar-17,324.75
17-Mar-17,323.13
16-Mar-17,323.29
15-Mar-17,337.93
14-Mar-17,353.83
13-Mar-17,328.02
10-Mar-17,325.96
09-Mar-17,330.9
08-Mar-17,338.63
07-Mar-17,344.58
06-Mar-17,329.31
03-Mar-17,322.27
02-Mar-17,317.38
01-Mar-17,319.92
28-Feb-17,329.84
27-Feb-17,306.08
24-Feb-17,278.42
23-Feb-17,275.14
22-Feb-17,276.48
21-Feb-17,278.34
20-Feb-17,280.2
17-Feb-17,283.03
16-Feb-17,283.76
15-Feb-17,284.15
14-Feb-17,282.91
13-Feb-17,282.65
10-Feb-17,291.32
09-Feb-17,287.27
08-Feb-17,289.26
07-Feb-17,294.26
06-Feb-17,286.54
03-Feb-17,287.98
02-Feb-17,292.58
01-Feb-17,293.81
31-Jan-17,292.54
30-Jan-17,293.75
27-Jan-17,311.61
26-Jan-17,323.75
25-Jan-17,323.13
24-Jan-17,329.6
23-Jan-17,300.88
20-Jan-17,296.93
19-Jan-17,319.38
18-Jan-17,316.12
17-Jan-17,331.21
16-Jan-17,292.63
13-Jan-17,275.55
12-Jan-17,270.95
11-Jan-17,303.57
10-Jan-17,291.11
09-Jan-17,256
06-Jan-17,230.34
05-Jan-17,231.33
04-Jan-17,228.38
03-Jan-17,246.37
02-Jan-17,232.26
30-Dec-16,228.87
29-Dec-16,232.26
28-Dec-16,239.58
27-Dec-16,245.73
26-Dec-16,229.5
23-Dec-16,230.43
22-Dec-16,230.06
21-Dec-16,227.47
20-Dec-16,244.94
19-Dec-16,239.42
16-Dec-16,229.56
15-Dec-16,234.38
14-Dec-16,241.48
13-Dec-16,256.07
12-Dec-16,242.69
09-Dec-16,245.89
08-Dec-16,237.57
07-Dec-16,237.38
06-Dec-16,251.86
05-Dec-16,254.93
02-Dec-16,259.96
01-Dec-16,257.33
30-Nov-16,249.47
29-Nov-16,223.49
28-Nov-16,223.2
25-Nov-16,232.11
24-Nov-16,257.05
23-Nov-16,255.98
22-Nov-16,232.55
21-Nov-16,226.15
18-Nov-16,225.77
17-Nov-16,209.86
16-Nov-16,212.11
15-Nov-16,199.96
14-Nov-16,209.2
11-Nov-16,207.56
10-Nov-16,204.87
09-Nov-16,198.2
08-Nov-16,193.29
07-Nov-16,200.61
04-Nov-16,205.35
03-Nov-16,201.93
02-Nov-16,215.98
01-Nov-16,200.47
31-Oct-16,196.21
28-Oct-16,199.5
27-Oct-16,203.27
26-Oct-16,206.38
25-Oct-16,214.59
24-Oct-16,199.41
21-Oct-16,202.43
20-Oct-16,190.5
19-Oct-16,195.14
18-Oct-16,205.73
17-Oct-16,195.61
14-Oct-16,194.59
13-Oct-16,195.1
12-Oct-16,200.79
11-Oct-16,210.48
10-Oct-16,216.43
07-Oct-16,213.29
06-Oct-16,187.81
05-Oct-16,191.56
04-Oct-16,197.14
03-Oct-16,184.22
30-Sep-16,187.81
29-Sep-16,187.25
28-Sep-16,186.3
27-Sep-16,169.76
26-Sep-16,169.81
23-Sep-16,170.26
22-Sep-16,177.01
21-Sep-16,190.81
20-Sep-16,182.14
19-Sep-16,184.52
16-Sep-16,187.81
15-Sep-16,195.47
14-Sep-16,195.95
13-Sep-16,196.45
12-Sep-16,196.05
09-Sep-16,195.48
08-Sep-16,200.09
07-Sep-16,206.53
06-Sep-16,187.2
05-Sep-16,189.29
02-Sep-16,190.09
01-Sep-16,197.13
31-Aug-16,202.7
30-Aug-16,191.36
29-Aug-16,189.86
26-Aug-16,196.25
25-Aug-16,195.45
24-Aug-16,204.43
23-Aug-16,211.79
22-Aug-16,199.07
19-Aug-16,198.22
18-Aug-16,197
17-Aug-16,202.27
16-Aug-16,209.37
15-Aug-16,198.75
12-Aug-16,206.22
11-Aug-16,226.11
10-Aug-16,236.32
09-Aug-16,244.52
08-Aug-16,209.26
05-Aug-16,216
04-Aug-16,224.69
03-Aug-16,233.38
02-Aug-16,237.56
01-Aug-16,217.81
29-Jul-16,216.57
28-Jul-16,231.2
27-Jul-16,225.58
26-Jul-16,236.99
25-Jul-16,223
22-Jul-16,240.43
21-Jul-16,242.16
20-Jul-16,239.04
19-Jul-16,234.85
18-Jul-16,211.47
15-Jul-16,204.9
14-Jul-16,204.68
13-Jul-16,214.42
12-Jul-16,219.83
11-Jul-16,209.43
08-Jul-16,212
07-Jul-16,218.01
06-Jul-16,218.07
05-Jul-16,217.51
04-Jul-16,215
01-Jul-16,213.54
30-Jun-16,215.07
29-Jun-16,199.35
28-Jun-16,207.25
27-Jun-16,209.07
24-Jun-16,212.75
23-Jun-16,211.01
22-Jun-16,221.22
21-Jun-16,208.71
20-Jun-16,207.09
17-Jun-16,211.45
16-Jun-16,221.13
15-Jun-16,227.2
14-Jun-16,216.47
13-Jun-16,213.86
10-Jun-16,213.32
09-Jun-16,219.77
08-Jun-16,226.42
07-Jun-16,217.33
06-Jun-16,231.67
03-Jun-16,241.91
02-Jun-16,274.65
01-Jun-16,281.04
31-May-16,236.25
30-May-16,238.25
27-May-16,239
26-May-16,240.85
25-May-16,247.78
24-May-16,254.36
23-May-16,246.87
20-May-16,245.71
19-May-16,249
18-May-16,247.75
17-May-16,261.54
16-May-16,248.74
13-May-16,247.56
12-May-16,247.03
11-May-16,256.5
10-May-16,264.45
09-May-16,247.52
06-May-16,245.39
05-May-16,244.13
04-May-16,255.35
03-May-16,252.12
02-May-16,234.11
29-Apr-16,232.49
28-Apr-16,240.91
27-Apr-16,246.38
26-Apr-16,224.35
25-Apr-16,226.23
22-Apr-16,226.52
21-Apr-16,234.33
20-Apr-16,239.05
19-Apr-16,225.61
18-Apr-16,233.54
15-Apr-16,231.55
14-Apr-16,238.66
13-Apr-16,246.91
12-Apr-16,234.16
11-Apr-16,237.35
08-Apr-16,240.38
07-Apr-16,251.16
06-Apr-16,256.13
05-Apr-16,239.64
04-Apr-16,238.22
01-Apr-16,240.74
31-Mar-16,248.25
30-Mar-16,230.83
29-Mar-16,242.08
28-Mar-16,253.76
25-Mar-16,254.65
24-Mar-16,255.02
23-Mar-16,264.6
22-Mar-16,270.85
21-Mar-16,251.75
18-Mar-16,252.35
17-Mar-16,247.73
16-Mar-16,263.95
15-Mar-16,274.08
14-Mar-16,253.12
11-Mar-16,254.1
10-Mar-16,257.73
09-Mar-16,266.71
08-Mar-16,278.13
07-Mar-16,260.75
04-Mar-16,261.74
03-Mar-16,262.21
02-Mar-16,272.56
01-Mar-16,281.65
29-Feb-16,266.79
26-Feb-16,267.88
25-Feb-16,262.36
24-Feb-16,245.63
23-Feb-16,245.36
22-Feb-16,245.5
19-Feb-16,246.5
18-Feb-16,264.96
17-Feb-16,245.76
16-Feb-16,247.36
15-Feb-16,245.51
12-Feb-16,243.75
11-Feb-16,261.05
10-Feb-16,241.21
09-Feb-16,243.07
08-Feb-16,243.51
05-Feb-16,240.38
04-Feb-16,256.2
03-Feb-16,240.2
02-Feb-16,243.8
01-Feb-16,242.51
29-Jan-16,244.1
28-Jan-16,260.38
27-Jan-16,272.94
26-Jan-16,283.75
25-Jan-16,267.5
22-Jan-16,266.27
21-Jan-16,267.26
20-Jan-16,279.63
19-Jan-16,288.63
18-Jan-16,269.8
15-Jan-16,269.39
14-Jan-16,276.65
13-Jan-16,285.2
12-Jan-16,295.1
11-Jan-16,268.35
08-Jan-16,266.35
07-Jan-16,265.46
06-Jan-16,274.5
05-Jan-16,281.75
04-Jan-16,264.63
01-Jan-16,261.35
31-Dec-15,261.15
30-Dec-15,241.21
29-Dec-15,248.88
28-Dec-15,254.66
25-Dec-15,255.2
24-Dec-15,255.2
23-Dec-15,263.55
22-Dec-15,272.9
21-Dec-15,253.96
18-Dec-15,252.45
17-Dec-15,263.08
16-Dec-15,273.5
15-Dec-15,285.4
14-Dec-15,265.05
11-Dec-15,264.43
10-Dec-15,255.7
09-Dec-15,263
08-Dec-15,272.83
07-Dec-15,256.45
04-Dec-15,257.75
03-Dec-15,257.45
02-Dec-15,265.1
01-Dec-15,273.88
30-Nov-15,284.65
27-Nov-15,263.8
26-Nov-15,267.5
25-Nov-15,263.57
24-Nov-15,279.1
23-Nov-15,250.45
20-Nov-15,247.2
19-Nov-15,255.86
18-Nov-15,267.35
17-Nov-15,252.8
16-Nov-15,254.36
13-Nov-15,251.88
12-Nov-15,259.95
11-Nov-15,270.45
10-Nov-15,275.4
09-Nov-15,260.4
06-Nov-15,261.1
05-Nov-15,261.31
04-Nov-15,269.9
03-Nov-15,250.4
02-Nov-15,247.5
30-Oct-15,258.4
29-Oct-15,268.1
28-Oct-15,266.8
27-Oct-15,282.38
26-Oct-15,261.37
23-Oct-15,272.47
22-Oct-15,257.61
21-Oct-15,271.96
20-Oct-15,278.81
19-Oct-15,262.76
16-Oct-15,263.74
15-Oct-15,260.55
14-Oct-15,274.21
13-Oct-15,288.5
12-Oct-15,266.5
09-Oct-15,264.7
08-Oct-15,266.1
07-Oct-15,276.2
06-Oct-15,290.45
05-Oct-15,277.7
02-Oct-15,284.55
01-Oct-15,289.5
30-Sep-15,303.15
29-Sep-15,282.35
28-Sep-15,294.7
25-Sep-15,282.75
24-Sep-15,285.96
23-Sep-15,282.4
22-Sep-15,280.85
21-Sep-15,276.15
18-Sep-15,276.33
17-Sep-15,292.25
16-Sep-15,298.89
15-Sep-15,284.57
14-Sep-15,286.9
11-Sep-15,284.91
10-Sep-15,297.65
09-Sep-15,306.16
08-Sep-15,278.18
07-Sep-15,287.9
04-Sep-15,280.3
03-Sep-15,283.65
02-Sep-15,288.35
01-Sep-15,268.51
31-Aug-15,265.31
28-Aug-15,266.1
27-Aug-15,271.44
26-Aug-15,281.25
25-Aug-15,289.25
24-Aug-15,303.85
21-Aug-15,311.6
20-Aug-15,279.24
19-Aug-15,286.65
18-Aug-15,292.55
17-Aug-15,261.01
14-Aug-15,257.38
13-Aug-15,255.11
12-Aug-15,257.2
11-Aug-15,262.85
10-Aug-15,248.06
07-Aug-15,246.47
06-Aug-15,256.85
05-Aug-15,266.6
04-Aug-15,273.2
03-Aug-15,251
31-Jul-15,246.47
30-Jul-15,251.5
29-Jul-15,257.45
28-Jul-15,265.85
27-Jul-15,251.1
24-Jul-15,246.65
23-Jul-15,246.6
22-Jul-15,251.6
21-Jul-15,253.05
20-Jul-15,238.9
17-Jul-15,232.35
16-Jul-15,231.06
15-Jul-15,236.2
14-Jul-15,244.66
13-Jul-15,233.2
10-Jul-15,237.75
09-Jul-15,239.45
08-Jul-15,248.86
07-Jul-15,257.27
06-Jul-15,242.21
03-Jul-15,242.1
02-Jul-15,241.06
01-Jul-15,249.23
30-Jun-15,255.96
29-Jun-15,241.4
26-Jun-15,229.33
25-Jun-15,233.28
24-Jun-15,242.45
23-Jun-15,229.85
22-Jun-15,231.21
19-Jun-15,235.95
18-Jun-15,245.05
17-Jun-15,254.7
16-Jun-15,265.02
15-Jun-15,240.38
12-Jun-15,238.2
11-Jun-15,243.15
10-Jun-15,253.88
09-Jun-15,241.5
08-Jun-15,243.16
05-Jun-15,230.16
04-Jun-15,238.81
03-Jun-15,248.31
02-Jun-15,231.63
01-Jun-15,233.15
29-May-15,230.75
28-May-15,245.45
27-May-15,241.86
26-May-15,251.85
25-May-15,233.66
22-May-15,228.94
21-May-15,230.65
20-May-15,233.65
19-May-15,240.15
18-May-15,238.75
15-May-15,227.75
14-May-15,233.61
13-May-15,245.7
12-May-15,256
11-May-15,241.35
08-May-15,241.6
07-May-15,239.25
06-May-15,250.3
05-May-15,259.88
04-May-15,247.58
01-May-15,246.45
30-Apr-15,244.13
29-Apr-15,224.38
28-Apr-15,230.35
27-Apr-15,233.13
24-Apr-15,242.2
23-Apr-15,254.01
22-Apr-15,254.91
21-Apr-15,232.75
20-Apr-15,236.95
17-Apr-15,235.38
16-Apr-15,244.73
15-Apr-15,250.8
14-Apr-15,224
13-Apr-15,221.91
10-Apr-15,218.4
09-Apr-15,222.38
08-Apr-15,224.7
07-Apr-15,213.25
06-Apr-15,208.92
03-Apr-15,209.92
02-Apr-15,218.61
01-Apr-15,225.27
31-Mar-15,229.55
30-Mar-15,208.63
27-Mar-15,212.98
26-Mar-15,209.83
25-Mar-15,209.18
24-Mar-15,213.5
23-Mar-15,201.56
20-Mar-15,216.75
19-Mar-15,213.62
18-Mar-15,220.46
17-Mar-15,227.21
16-Mar-15,215.06
13-Mar-15,215.76
12-Mar-15,210.36
11-Mar-15,222.13
10-Mar-15,235.18
09-Mar-15,217.63
06-Mar-15,219.4
05-Mar-15,211.63
04-Mar-15,212.25
03-Mar-15,217.06
02-Mar-15,207.51
27-Feb-15,207.7
26-Feb-15,210.56
25-Feb-15,180.5
24-Feb-15,175.5
23-Feb-15,176.95
20-Feb-15,172.8
19-Feb-15,172.18
18-Feb-15,178.75
17-Feb-15,181.25
16-Feb-15,179
13-Feb-15,180.63
12-Feb-15,181.25
11-Feb-15,182.5
10-Feb-15,178.58
09-Feb-15,178.5
06-Feb-15,176.48
05-Feb-15,169.4
04-Feb-15,170.75
03-Feb-15,165.65
02-Feb-15,159.38
30-Jan-15,152.88
29-Jan-15,141
28-Jan-15,139.13
27-Jan-15,144.63
26-Jan-15,152.5
23-Jan-15,147.75
22-Jan-15,152.63
21-Jan-15,159.75
20-Jan-15,173.38
19-Jan-15,151.5
16-Jan-15,158.2
15-Jan-15,157.93
14-Jan-15,162.88
13-Jan-15,173.63
12-Jan-15,163.88
09-Jan-15,165.15
08-Jan-15,164.45
07-Jan-15,174
06-Jan-15,182.85
05-Jan-15,171.68
02-Jan-15,181.4
01-Jan-15,172.2
31-Dec-14,172.3
30-Dec-14,156.15
29-Dec-14,161.71
26-Dec-14,161.5
25-Dec-14,161.63
24-Dec-14,161.5
23-Dec-14,171.95
22-Dec-14,165.13
19-Dec-14,161.55
18-Dec-14,164.63
17-Dec-14,175.85
16-Dec-14,196.06
15-Dec-14,178.9
12-Dec-14,161.98
11-Dec-14,151.88
10-Dec-14,153.55
09-Dec-14,157.35
08-Dec-14,152.5
05-Dec-14,139.2
04-Dec-14,133.25
03-Dec-14,141.78
02-Dec-14,140.88
01-Dec-14,123.25
28-Nov-14,127.75
27-Nov-14,137.85
26-Nov-14,134.51
25-Nov-14,127.8
24-Nov-14,142
21-Nov-14,143.2
20-Nov-14,152.25
19-Nov-14,156.25
18-Nov-14,147.88
17-Nov-14,154.6
14-Nov-14,155.75
13-Nov-14,163.48
12-Nov-14,168.38
11-Nov-14,158.88
10-Nov-14,157.5
07-Nov-14,161.25
06-Nov-14,161.3
05-Nov-14,167.05
04-Nov-14,154.1
03-Nov-14,158.57
31-Oct-14,153.45
30-Oct-14,149.6
29-Oct-14,155.55
28-Oct-14,157.55
27-Oct-14,173
24-Oct-14,177.1
23-Oct-14,169.8
22-Oct-14,172.61
21-Oct-14,177.63
20-Oct-14,165.81
17-Oct-14,173.63
16-Oct-14,175.75
15-Oct-14,177.38
14-Oct-14,181.45
13-Oct-14,168.88
10-Oct-14,177.38
09-Oct-14,172.83
08-Oct-14,188.8
07-Oct-14,195.56
06-Oct-14,195.8
03-Oct-14,198.05
02-Oct-14,182.6
01-Oct-14,185.9
30-Sep-14,192.18
29-Sep-14,184.21
26-Sep-14,174.35
25-Sep-14,157.15
24-Sep-14,156.32
23-Sep-14,147.65
22-Sep-14,149.5
19-Sep-14,147.8
18-Sep-14,150.7
17-Sep-14,152.65
16-Sep-14,141.75
15-Sep-14,143.4
12-Sep-14,145.5
11-Sep-14,150.75
10-Sep-14,155.93
09-Sep-14,141
08-Sep-14,137.63
05-Sep-14,138
04-Sep-14,153
03-Sep-14,158.75
02-Sep-14,142.95
01-Sep-14,140
29-Aug-14,140.3
28-Aug-14,149.65
27-Aug-14,148.9
26-Aug-14,152.1
25-Aug-14,146.45
22-Aug-14,145.28
21-Aug-14,145.21
20-Aug-14,150.63
19-Aug-14,157.3
18-Aug-14,150.4
15-Aug-14,153.25
14-Aug-14,152.57
13-Aug-14,159.88
12-Aug-14,165.38
11-Aug-14,151.06
08-Aug-14,152.4
07-Aug-14,150.18
06-Aug-14,156.63
05-Aug-14,157.13
04-Aug-14,147.4
01-Aug-14,145.63
31-Jul-14,149.15
30-Jul-14,128.65
29-Jul-14,128.16
28-Jul-14,126.5
25-Jul-14,127.2
24-Jul-14,134.26
23-Jul-14,139.88
22-Jul-14,148.25
21-Jul-14,141.95
18-Jul-14,142.2
17-Jul-14,140.95
16-Jul-14,138.4
15-Jul-14,143.75
14-Jul-14,136.25
11-Jul-14,137.4
10-Jul-14,139
09-Jul-14,144.5
08-Jul-14,148.63
07-Jul-14,141.1
04-Jul-14,140
03-Jul-14,141.5
02-Jul-14,142.6
01-Jul-14,145.76
30-Jun-14,137.46
27-Jun-14,134.13
26-Jun-14,148.5
25-Jun-14,154.38
24-Jun-14,139.25
23-Jun-14,144.35
20-Jun-14,144.1
19-Jun-14,149.05
18-Jun-14,156.4
17-Jun-14,151.68
16-Jun-14,149
13-Jun-14,144.75
12-Jun-14,147.28
11-Jun-14,151.93
10-Jun-14,141.13
09-Jun-14,143.5
06-Jun-14,142.25
05-Jun-14,147.88
04-Jun-14,155.63
03-Jun-14,159.85
02-Jun-14,150
30-May-14,149.88
29-May-14,154.85
28-May-14,166.45
27-May-14,171.86
26-May-14,162
23-May-14,162
22-May-14,162.85
21-May-14,175.51
20-May-14,185.41
19-May-14,170.61
16-May-14,171.13
15-May-14,168.85
14-May-14,168.73
13-May-14,177.11
12-May-14,172.61
09-May-14,168.55
08-May-14,167.53
07-May-14,176.8
06-May-14,184
05-May-14,170.5
02-May-14,170.88
01-May-14,171.8
30-Apr-14,172.4
29-Apr-14,169.71
28-Apr-14,171.41
25-Apr-14,170.39
24-Apr-14,182.51
23-Apr-14,188.3
22-Apr-14,187.88
21-Apr-14,170.13
18-Apr-14,169.85
17-Apr-14,180.5
16-Apr-14,187
15-Apr-14,165.25
14-Apr-14,169.71
11-Apr-14,167.3
10-Apr-14,173.7
09-Apr-14,173.3
08-Apr-14,163.81
07-Apr-14,182.05
04-Apr-14,188.81
03-Apr-14,199.75
02-Apr-14,204.5
01-Apr-14,192.5
31-Mar-14,201.8
28-Mar-14,205.4
27-Mar-14,211.75
26-Mar-14,219.5
25-Mar-14,231.91
24-Mar-14,222.95
21-Mar-14,220.6
20-Mar-14,219.05
19-Mar-14,226.4
18-Mar-14,230.7
17-Mar-14,216.7
14-Mar-14,218.5
13-Mar-14,219.61
12-Mar-14,226
11-Mar-14,232.8
10-Mar-14,214.11
07-Mar-14,212.5
06-Mar-14,210.5
05-Mar-14,218.26
04-Mar-14,225.31
03-Mar-14,214.25
28-Feb-14,208.21
27-Feb-14,208.13
26-Feb-14,192.45
25-Feb-14,189.95
24-Feb-14,184.13
21-Feb-14,182.13
20-Feb-14,184
19-Feb-14,182.21
18-Feb-14,178.06
17-Feb-14,176.7
14-Feb-14,177.95
13-Feb-14,178.45
12-Feb-14,177
11-Feb-14,179.75
10-Feb-14,180.61
07-Feb-14,176.03
06-Feb-14,176.45
05-Feb-14,178.21
04-Feb-14,178.16
03-Feb-14,180.51
31-Jan-14,180.75
30-Jan-14,175.3
29-Jan-14,184.4
28-Jan-14,191.75
27-Jan-14,199.31
24-Jan-14,188.45
23-Jan-14,168.65
22-Jan-14,157.66
21-Jan-14,164.75
20-Jan-14,152.76
17-Jan-14,150.5
16-Jan-14,151.81
15-Jan-14,151
14-Jan-14,156.23
13-Jan-14,141.21
10-Jan-14,141.35
09-Jan-14,143.15
08-Jan-14,148.28
07-Jan-14,145.6
06-Jan-14,138.38
03-Jan-14,137.38
02-Jan-14,143.46
01-Jan-14,139.25
31-Dec-13,139.35
30-Dec-13,130.5
27-Dec-13,133.63
26-Dec-13,124.36
25-Dec-13,126.41
24-Dec-13,125.5
23-Dec-13,127
20-Dec-13,127.33
19-Dec-13,128.81
18-Dec-13,130.63
17-Dec-13,133.93
16-Dec-13,116.95
13-Dec-13,118.15
12-Dec-13,118.13
11-Dec-13,119.8
10-Dec-13,121.85
09-Dec-13,114.05
06-Dec-13,115.25
05-Dec-13,116.65
04-Dec-13,121.85
03-Dec-13,124.08
02-Dec-13,115.85
29-Nov-13,114.1
28-Nov-13,116.01
27-Nov-13,121.96
26-Nov-13,113.66
25-Nov-13,114.06
22-Nov-13,121.13
21-Nov-13,123.95
20-Nov-13,124.26
19-Nov-13,117.61
18-Nov-13,111.88
15-Nov-13,114.45
14-Nov-13,119.01
13-Nov-13,126.35
12-Nov-13,120.21
11-Nov-13,120.06
08-Nov-13,118.29
07-Nov-13,115.23
06-Nov-13,120.11
05-Nov-13,112.25
04-Nov-13,107.11
01-Nov-13,107.6
31-Oct-13,106.98
30-Oct-13,96.2
29-Oct-13,100.31
28-Oct-13,99.95
25-Oct-13,105.43
24-Oct-13,102.16
23-Oct-13,103.01
22-Oct-13,106.25
21-Oct-13,101.66
18-Oct-13,105.25
17-Oct-13,105.65
16-Oct-13,106.15
15-Oct-13,106.5
14-Oct-13,105.31
11-Oct-13,106.05
10-Oct-13,109.25
09-Oct-13,113.51
08-Oct-13,116.5
07-Oct-13,106.05
04-Oct-13,106.3
03-Oct-13,108.11
02-Oct-13,110.65
01-Oct-13,114.9
30-Sep-13,108.95
27-Sep-13,110.55
26-Sep-13,109.85
25-Sep-13,112.15
24-Sep-13,104.05
23-Sep-13,103.75
20-Sep-13,105.8
19-Sep-13,106.55
18-Sep-13,113.95
17-Sep-13,119
16-Sep-13,121.3
13-Sep-13,129.45
12-Sep-13,137.3
11-Sep-13,140.85
10-Sep-13,107.41
09-Sep-13,111.45
06-Sep-13,115.38
05-Sep-13,120.85
04-Sep-13,121.35
03-Sep-13,117.6
02-Sep-13,113.62
30-Aug-13,114.87
29-Aug-13,114.25
28-Aug-13,130.85
27-Aug-13,137.6
26-Aug-13,134.68
23-Aug-13,131.75
22-Aug-13,129.55
21-Aug-13,129.2
20-Aug-13,123.35
19-Aug-13,117.8
16-Aug-13,113.65
15-Aug-13,115.55
14-Aug-13,115.4
13-Aug-13,120.75
12-Aug-13,109
09-Aug-13,109.95
08-Aug-13,110.05
07-Aug-13,110.8
06-Aug-13,115.15
05-Aug-13,107.75
02-Aug-13,108.01
01-Aug-13,115.43
31-Jul-13,117.54
30-Jul-13,98.15
29-Jul-13,104.6
26-Jul-13,108.35
25-Jul-13,108.95
24-Jul-13,106.65
23-Jul-13,109.3
22-Jul-13,104.2
19-Jul-13,105.25
18-Jul-13,103.85
17-Jul-13,107.35
16-Jul-13,115.3
15-Jul-13,117.4
12-Jul-13,119.65
11-Jul-13,121.9
10-Jul-13,127.95
09-Jul-13,114.65
08-Jul-13,117.8
05-Jul-13,108.2
04-Jul-13,87.58
03-Jul-13,88.25
02-Jul-13,85.95
01-Jul-13,85.6
28-Jun-13,92
27-Jun-13,90.6
26-Jun-13,92.35
25-Jun-13,85.45
24-Jun-13,95.35
21-Jun-13,93.35
20-Jun-13,95
19-Jun-13,79
18-Jun-13,76.55
17-Jun-13,69.55
14-Jun-13,68
13-Jun-13,78
12-Jun-13,92.5
11-Jun-13,94.85
10-Jun-13,86.9
07-Jun-13,83.5
06-Jun-13,90.2
05-Jun-13,80.65
04-Jun-13,73.55
03-Jun-13,87.54
31-May-13,74.95
30-May-13,62.3
29-May-13,56.24
28-May-13,54.82
27-May-13,58.12
24-May-13,58.23
23-May-13,59.9
22-May-13,62.15
21-May-13,63.85
20-May-13,58.9
17-May-13,57.5
16-May-13,52.13
15-May-13,55.4
14-May-13,54.4
13-May-13,49.65
10-May-13,52.55
09-May-13,48.65
08-May-13,50.6
07-May-13,56.15
06-May-13,51.05
03-May-13,46
02-May-13,50.1
01-May-13,59.8
30-Apr-13,59.8
29-Apr-13,54.5
26-Apr-13,56.48
25-Apr-13,62.7
24-Apr-13,65.15
23-Apr-13,61.7
22-Apr-13,61.7
19-Apr-13,63.7
18-Apr-13,66.15
17-Apr-13,66.5
16-Apr-13,60.65
15-Apr-13,62.1
12-Apr-13,61.56
11-Apr-13,64.85
10-Apr-13,68.25
09-Apr-13,68.05
08-Apr-13,67.75
05-Apr-13,66.94
04-Apr-13,69.35
03-Apr-13,72.2
02-Apr-13,69
01-Apr-13,68.38
29-Mar-13,69.66
28-Mar-13,66.91
27-Mar-13,72.29
26-Mar-13,72.81
25-Mar-13,70.06
22-Mar-13,70.42
21-Mar-13,69.16
20-Mar-13,72.94
19-Mar-13,75.65
18-Mar-13,71.07
15-Mar-13,70.58
14-Mar-13,69.78
13-Mar-13,71
12-Mar-13,73.23
11-Mar-13,69.86
08-Mar-13,70.24
07-Mar-13,68.8
06-Mar-13,72.05
05-Mar-13,75.12
04-Mar-13,72.19
01-Mar-13,70.24
28-Feb-13,68.97
27-Feb-13,64.45
26-Feb-13,62.91
25-Feb-13,63.89
22-Feb-13,62.19
21-Feb-13,61.05
20-Feb-13,60.39
19-Feb-13,60.05
18-Feb-13,61.38
15-Feb-13,61.6
14-Feb-13,61.65
13-Feb-13,61.92
12-Feb-13,62.13
11-Feb-13,62.35
08-Feb-13,62.36
07-Feb-13,63.48
06-Feb-13,62.18
05-Feb-13,61.34
04-Feb-13,62.61
01-Feb-13,62.1
31-Jan-13,62.6
30-Jan-13,62.39
29-Jan-13,65.48
28-Jan-13,68.55
25-Jan-13,71.04
24-Jan-13,69.47
23-Jan-13,71.94
22-Jan-13,76.17
21-Jan-13,72.26
18-Jan-13,72.38
17-Jan-13,74.14
16-Jan-13,77.91
15-Jan-13,80.72
14-Jan-13,74.41
11-Jan-13,73.69
10-Jan-13,75.15
09-Jan-13,77.14
08-Jan-13,77.47
07-Jan-13,72.68
04-Jan-13,73.43
03-Jan-13,72.83
02-Jan-13,76.42
01-Jan-13,78.19
31-Dec-12,75.5
28-Dec-12,68.36
27-Dec-12,66.12
26-Dec-12,70.08
25-Dec-12,73
24-Dec-12,71.78
21-Dec-12,67.37
20-Dec-12,67.64
19-Dec-12,66.3
18-Dec-12,67.72
17-Dec-12,62.85
14-Dec-12,63.08
13-Dec-12,62
12-Dec-12,63.93
11-Dec-12,69.88
10-Dec-12,69.14
07-Dec-12,71.78
06-Dec-12,72
05-Dec-12,73.31
04-Dec-12,74.22
03-Dec-12,68.17
30-Nov-12,68.66
29-Nov-12,71.07
28-Nov-12,74.16
27-Nov-12,69.13
26-Nov-12,70.12
23-Nov-12,69.82
22-Nov-12,74.8
21-Nov-12,73.93
20-Nov-12,72.6
19-Nov-12,68.13
16-Nov-12,67.69
15-Nov-12,70.35
14-Nov-12,72.61
13-Nov-12,65.35
12-Nov-12,65.14
09-Nov-12,66.62
08-Nov-12,69.66
07-Nov-12,70.41
06-Nov-12,65.18
05-Nov-12,65.94
02-Nov-12,69.22
01-Nov-12,71.91
31-Oct-12,73.69
30-Oct-12,71.15
29-Oct-12,75.92
26-Oct-12,75.8
25-Oct-12,75.78
24-Oct-12,75.99
23-Oct-12,80.3
22-Oct-12,75.49
19-Oct-12,77.22
18-Oct-12,74.05
17-Oct-12,75.8
16-Oct-12,77.95
15-Oct-12,72.48
12-Oct-12,72.86
11-Oct-12,79.1
10-Oct-12,85.08
09-Oct-12,87.18
08-Oct-12,81.36
05-Oct-12,80.13
04-Oct-12,79
03-Oct-12,79.4
02-Oct-12,81.4
01-Oct-12,76.12
28-Sep-12,76.16
27-Sep-12,78.3
26-Sep-12,79.07
25-Sep-12,78
24-Sep-12,78.74
21-Sep-12,65.3
20-Sep-12,68.55
19-Sep-12,72.77
18-Sep-12,69.76
17-Sep-12,72.32
14-Sep-12,68.72
13-Sep-12,74.06
12-Sep-12,75.85
11-Sep-12,73.63
10-Sep-12,74.83
07-Sep-12,74.77
06-Sep-12,79.15
05-Sep-12,86.23
04-Sep-12,77.66
03-Sep-12,78.51
31-Aug-12,78.01
30-Aug-12,76.49
29-Aug-12,76.08
28-Aug-12,79.16
27-Aug-12,88.27
24-Aug-12,88.12
23-Aug-12,87.05
22-Aug-12,87.8
21-Aug-12,86.43
20-Aug-12,86.91
17-Aug-12,86.83
16-Aug-12,85.16
15-Aug-12,91.28
14-Aug-12,93.84
13-Aug-12,87.2
10-Aug-12,86.58
09-Aug-12,88.55
08-Aug-12,88.5
07-Aug-12,93
06-Aug-12,85.9
03-Aug-12,83.87
02-Aug-12,95.95
01-Aug-12,99.5
31-Jul-12,97.3
30-Jul-12,93.6
27-Jul-12,97.52
26-Jul-12,95.5
25-Jul-12,102.15
24-Jul-12,110.6
23-Jul-12,103.73
20-Jul-12,102.53
19-Jul-12,112.39
18-Jul-12,115.9
17-Jul-12,122.06
16-Jul-12,111.18
13-Jul-12,110.04
12-Jul-12,106.6
11-Jul-12,107.85
10-Jul-12,113.26
09-Jul-12,108.43
06-Jul-12,113.81
05-Jul-12,115.6
04-Jul-12,125.1
03-Jul-12,126.28
02-Jul-12,127.29
29-Jun-12,127
28-Jun-12,122.25
27-Jun-12,117.38
26-Jun-12,114.51
25-Jun-12,119.28
22-Jun-12,117.68
21-Jun-12,125.45
20-Jun-12,129.96
19-Jun-12,127.5
18-Jun-12,130
15-Jun-12,132.49
14-Jun-12,133.71
13-Jun-12,138.35
12-Jun-12,127.8
11-Jun-12,128.93
08-Jun-12,130.69
07-Jun-12,135.5
06-Jun-12,142
05-Jun-12,136.63
04-Jun-12,137.56
01-Jun-12,144.9
31-May-12,144.11
30-May-12,140.16
29-May-12,141.53
28-May-12,145.68
25-May-12,147.85
24-May-12,148.46
23-May-12,154.74
22-May-12,153.18
21-May-12,144.39
18-May-12,145.6
17-May-12,143
16-May-12,148
15-May-12,148.3
14-May-12,140.15
11-May-12,138.44
10-May-12,138.07
09-May-12,146.04
08-May-12,142.86
07-May-12,130.32
04-May-12,133.88
03-May-12,124.8
02-May-12,124.95
01-May-12,126
30-Apr-12,126.1
27-Apr-12,122
26-Apr-12,128.75
25-Apr-12,136.5
24-Apr-12,125.65
23-Apr-12,134.4
20-Apr-12,130.05
19-Apr-12,134.2
18-Apr-12,139.25
17-Apr-12,126.85
16-Apr-12,131.95
13-Apr-12,128.19
12-Apr-12,129.25
11-Apr-12,138.5
10-Apr-12,132.95
09-Apr-12,134.6
06-Apr-12,131.41
05-Apr-12,135.98
04-Apr-12,137.5
03-Apr-12,123.47
02-Apr-12,121.15
30-Mar-12,123.7
29-Mar-12,129.25
28-Mar-12,135.6
27-Mar-12,139.65
26-Mar-12,131.75
23-Mar-12,134.31
22-Mar-12,132.55
21-Mar-12,133.1
20-Mar-12,139.5
19-Mar-12,123.05
16-Mar-12,124.61
15-Mar-12,126.3
14-Mar-12,126.3
13-Mar-12,126.5
12-Mar-12,118.95
09-Mar-12,114.9
08-Mar-12,110.4
07-Mar-12,118.59
06-Mar-12,123.05
05-Mar-12,112.9
02-Mar-12,112.55
01-Mar-12,113.05
29-Feb-12,113.4
28-Feb-12,109.6
27-Feb-12,111.55
24-Feb-12,108.19
23-Feb-12,110.05
22-Feb-12,99.8
21-Feb-12,105
20-Feb-12,109.4
17-Feb-12,114.35
16-Feb-12,121.8
15-Feb-12,116.75
14-Feb-12,119.15
13-Feb-12,110.68
10-Feb-12,123.55
09-Feb-12,132.8
08-Feb-12,128
07-Feb-12,132.9
06-Feb-12,128
03-Feb-12,128.4
02-Feb-12,136
01-Feb-12,126.1
31-Jan-12,125.65
30-Jan-12,116.35
27-Jan-12,122.35
26-Jan-12,136.35
25-Jan-12,152.05
24-Jan-12,152.85
23-Jan-12,139.3
20-Jan-12,145.9
19-Jan-12,146.6
18-Jan-12,150.35
17-Jan-12,162.45
16-Jan-12,152.35
13-Jan-12,155.5
12-Jan-12,151
11-Jan-12,155.5
10-Jan-12,172.1
09-Jan-12,168.75
06-Jan-12,164.55
05-Jan-12,167.85
04-Jan-12,170.95
03-Jan-12,170.35
02-Jan-12,142.05
30-Dec-11,141.5
29-Dec-11,122.9
28-Dec-11,128.88
27-Dec-11,138.39
26-Dec-11,133.63
23-Dec-11,133.59
22-Dec-11,133.6
21-Dec-11,141.99
20-Dec-11,151.35
19-Dec-11,144.05
16-Dec-11,143.35
15-Dec-11,153.15
14-Dec-11,157.75
13-Dec-11,158.1
12-Dec-11,142.25
09-Dec-11,130.75
08-Dec-11,129.45
07-Dec-11,131.05
06-Dec-11,136.3
05-Dec-11,127.25
02-Dec-11,121.75
01-Dec-11,118
30-Nov-11,122.65
29-Nov-11,119.6
28-Nov-11,115
25-Nov-11,121.7
24-Nov-11,140.65
23-Nov-11,140.24
22-Nov-11,122.29
21-Nov-11,111.5
18-Nov-11,109.35
17-Nov-11,115.62
16-Nov-11,124.06
15-Nov-11,119.23
14-Nov-11,119.65
11-Nov-11,117
10-Nov-11,118.15
09-Nov-11,126.7
08-Nov-11,124.9
07-Nov-11,124.55
04-Nov-11,124.35
03-Nov-11,123
02-Nov-11,128.25
01-Nov-11,126.45
31-Oct-11,119.35
28-Oct-11,126.5
27-Oct-11,131.57
26-Oct-11,134.6
25-Oct-11,130.05
24-Oct-11,123.46
21-Oct-11,135.35
20-Oct-11,127.2
19-Oct-11,108.52
18-Oct-11,106.4
17-Oct-11,94.5
14-Oct-11,91.7
13-Oct-11,87.99
12-Oct-11,87.44
11-Oct-11,92.05
10-Oct-11,92.21
07-Oct-11,93.15
06-Oct-11,101.8
05-Oct-11,97.25
04-Oct-11,103
03-Oct-11,104.86
30-Sep-11,91.67
29-Sep-11,86.85
28-Sep-11,89.95
27-Sep-11,85.8
26-Sep-11,87.75
23-Sep-11,92.78
22-Sep-11,93.9
21-Sep-11,95.35
20-Sep-11,87.8
19-Sep-11,91.35
16-Sep-11,92.6
15-Sep-11,91.1
14-Sep-11,93.55
13-Sep-11,98.11
12-Sep-11,88.8
09-Sep-11,93.49
08-Sep-11,94.2
07-Sep-11,96
06-Sep-11,92.25
05-Sep-11,96.29
02-Sep-11,91.25
01-Sep-11,93.92
31-Aug-11,93.45
30-Aug-11,91.44
29-Aug-11,94.33
26-Aug-11,107.64
25-Aug-11,95.8
24-Aug-11,99.35
23-Aug-11,102.45
22-Aug-11,98.3
19-Aug-11,101.12
18-Aug-11,93.95
17-Aug-11,94.7
16-Aug-11,97.2
15-Aug-11,93.15
12-Aug-11,92.95
11-Aug-11,85.15
10-Aug-11,88.34
09-Aug-11,92.29
08-Aug-11,92.5
05-Aug-11,98.8
04-Aug-11,100.5
03-Aug-11,105.65
02-Aug-11,110.2
01-Aug-11,109.03
29-Jul-11,100.2
28-Jul-11,108.88
27-Jul-11,104.3
26-Jul-11,111.15
25-Jul-11,114.19
22-Jul-11,103.25
21-Jul-11,96.5
20-Jul-11,97.75
19-Jul-11,102.26
18-Jul-11,102.26
15-Jul-11,94
14-Jul-11,103.57
13-Jul-11,98.55
12-Jul-11,102.6
11-Jul-11,104.04
08-Jul-11,93.21
07-Jul-11,91.85
06-Jul-11,93.25
05-Jul-11,95.55
04-Jul-11,92.46
01-Jul-11,91.8
30-Jun-11,93.16
29-Jun-11,86.69
28-Jun-11,93
27-Jun-11,94
24-Jun-11,92.03
23-Jun-11,94.93
22-Jun-11,96.53
21-Jun-11,89.53
20-Jun-11,91.48
17-Jun-11,88.12
16-Jun-11,90.92
15-Jun-11,92.1
14-Jun-11,94.76
13-Jun-11,86.01
10-Jun-11,85.85
09-Jun-11,93.45
08-Jun-11,91.49
07-Jun-11,84.25
06-Jun-11,85.64
03-Jun-11,86
02-Jun-11,89
01-Jun-11,93
31-May-11,84
30-May-11,85.47
27-May-11,88.37
26-May-11,85.5
25-May-11,87.43
24-May-11,91.55
23-May-11,94.31
20-May-11,86.63
19-May-11,93.21
18-May-11,84.94
17-May-11,91.6
16-May-11,95.69
13-May-11,87.31
12-May-11,93.09
11-May-11,89.73
10-May-11,90
09-May-11,89.37
06-May-11,81.3
05-May-11,88.58
04-May-11,85.61
03-May-11,87.43
02-May-11,88.59
29-Apr-11,80.76
28-Apr-11,88.89
27-Apr-11,87.25
26-Apr-11,91.19
25-Apr-11,82.77
22-Apr-11,77.8
21-Apr-11,89
20-Apr-11,91
19-Apr-11,87.5
18-Apr-11,83
15-Apr-11,83.5
14-Apr-11,84.78
13-Apr-11,83.07
12-Apr-11,86.27
11-Apr-11,84
08-Apr-11,76
07-Apr-11,78.29
06-Apr-11,80.54
05-Apr-11,84.32
04-Apr-11,75.25
01-Apr-11,76.74
31-Mar-11,80.53
30-Mar-11,75.94
29-Mar-11,78.29
28-Mar-11,79.94
25-Mar-11,79.49
24-Mar-11,80.6
23-Mar-11,83.66
22-Mar-11,82.99
21-Mar-11,87.57
18-Mar-11,82.5
17-Mar-11,83.32
16-Mar-11,84.28
15-Mar-11,85
14-Mar-11,88.04
11-Mar-11,80.62
10-Mar-11,82.01
09-Mar-11,84.91
08-Mar-11,87.47
07-Mar-11,82.46
04-Mar-11,81.15
03-Mar-11,79.25
02-Mar-11,80.83
01-Mar-11,81.51
28-Feb-11,71.88
25-Feb-11,73
24-Feb-11,68.48
23-Feb-11,70.01
22-Feb-11,71.14
21-Feb-11,71.49
18-Feb-11,68.41
17-Feb-11,64.84
16-Feb-11,64.17
15-Feb-11,64.53
14-Feb-11,61.13
11-Feb-11,61.92
10-Feb-11,60.77
09-Feb-11,60.59
08-Feb-11,60.45
07-Feb-11,60.41
04-Feb-11,59.93
03-Feb-11,61.44
02-Feb-11,56.08
01-Feb-11,59.5
31-Jan-11,63
28-Jan-11,64.5
27-Jan-11,68.82
26-Jan-11,74.09
25-Jan-11,73.44
24-Jan-11,69
21-Jan-11,66.11
20-Jan-11,65.74
19-Jan-11,66
18-Jan-11,64
17-Jan-11,61.25
14-Jan-11,60.61
13-Jan-11,57.7
12-Jan-11,57.45
11-Jan-11,65
10-Jan-11,56.58
07-Jan-11,55.53
06-Jan-11,53.99
05-Jan-11,49.76
04-Jan-11,53.62
03-Jan-11,58.5
31-Dec-10,61.16
30-Dec-10,57.48
29-Dec-10,67.53
28-Dec-10,74.09
27-Dec-10,68.92
24-Dec-10,68.94
23-Dec-10,68.08
22-Dec-10,76.43
21-Dec-10,81.25
20-Dec-10,69.99
17-Dec-10,63.91
16-Dec-10,58.31
15-Dec-10,62.41
14-Dec-10,69.22
13-Dec-10,64.52
10-Dec-10,63.76
09-Dec-10,59.48
08-Dec-10,58.77
07-Dec-10,65.58
06-Dec-10,67.91
03-Dec-10,68.4
02-Dec-10,67.33
01-Dec-10,70.31
30-Nov-10,75.79
29-Nov-10,68.75
26-Nov-10,65.59
25-Nov-10,64.51
24-Nov-10,69.64
23-Nov-10,71.9
22-Nov-10,63.82
19-Nov-10,68.71
18-Nov-10,71.08
17-Nov-10,73.97
16-Nov-10,69.74
15-Nov-10,68.86
12-Nov-10,64.55
11-Nov-10,72
10-Nov-10,72.88
09-Nov-10,71.66
08-Nov-10,72.05
05-Nov-10,80
04-Nov-10,83
03-Nov-10,78.92
02-Nov-10,81.5
01-Nov-10,80.5
29-Oct-10,76.9
28-Oct-10,73.75
27-Oct-10,87.74
26-Oct-10,81.2
25-Oct-10,83.46
22-Oct-10,88.92
21-Oct-10,88.92
20-Oct-10,80.22
19-Oct-10,83.62
18-Oct-10,85.41
15-Oct-10,76.15
14-Oct-10,84.76
13-Oct-10,76.2
12-Oct-10,77.68
11-Oct-10,74.25
08-Oct-10,81.65
07-Oct-10,81.65
06-Oct-10,76.15
05-Oct-10,78.25
04-Oct-10,76.65
01-Oct-10,77.3
30-Sep-10,77.3
29-Sep-10,70.94
28-Sep-10,72.95
27-Sep-10,74.7
24-Sep-10,75.48
23-Sep-10,75.48
22-Sep-10,79.88
21-Sep-10,74.66
20-Sep-10,76.54
17-Sep-10,75.98
16-Sep-10,75.98
15-Sep-10,81.5
14-Sep-10,82.21
13-Sep-10,78.74
10-Sep-10,79.75
09-Sep-10,79.75
08-Sep-10,87.01
07-Sep-10,80.3
06-Sep-10,87.5
03-Sep-10,82
02-Sep-10,81.9
01-Sep-10,87.16
31-Aug-10,98.7
30-Aug-10,98.7
27-Aug-10,98.7
26-Aug-10,98.7
25-Aug-10,89.3
24-Aug-10,92.11
23-Aug-10,98.7
20-Aug-10,98.7
19-Aug-10,98.7
18-Aug-10,98.7
17-Aug-10,98.7
16-Aug-10,98.7
13-Aug-10,81.77
12-Aug-10,98.7
11-Aug-10,98.7
10-Aug-10,98.7
09-Aug-10,98.7
06-Aug-10,91.5
05-Aug-10,98.7
04-Aug-10,98.7
03-Aug-10,79
02-Aug-10,78.43
30-Jul-10,80.56
29-Jul-10,83.62
28-Jul-10,98.7
27-Jul-10,98.7
26-Jul-10,91.68
23-Jul-10,82.1
22-Jul-10,82
21-Jul-10,84.74
20-Jul-10,86
19-Jul-10,80.08
16-Jul-10,80.5
15-Jul-10,78.92
14-Jul-10,83.5
13-Jul-10,85.5
12-Jul-10,81.5
09-Jul-10,81.5
08-Jul-10,81
07-Jul-10,82.29
06-Jul-10,84.31
05-Jul-10,80.5
02-Jul-10,80.5
01-Jul-10,88.86
30-Jun-10,81.5
29-Jun-10,77.5
28-Jun-10,75.69
25-Jun-10,77
24-Jun-10,79.5
23-Jun-10,82.5
22-Jun-10,81.74
21-Jun-10,79.93
18-Jun-10,76.75
17-Jun-10,86.06
16-Jun-10,83.73
15-Jun-10,80.5
14-Jun-10,80.5
11-Jun-10,80.5
10-Jun-10,88.34
09-Jun-10,86
08-Jun-10,89.31
07-Jun-10,80.85
04-Jun-10,78.28
03-Jun-10,79
02-Jun-10,79
01-Jun-10,72.5
31-May-10,74
28-May-10,73.5
27-May-10,80.5
26-May-10,78.5
25-May-10,82.5
24-May-10,79.5
21-May-10,82.57
20-May-10,79.5
19-May-10,81.5
18-May-10,79
17-May-10,77
14-May-10,76
13-May-10,76
12-May-10,79
11-May-10,81.5
10-May-10,76
07-May-10,79.5
06-May-10,85.03
05-May-10,78
04-May-10,79.5
03-May-10,79.29
30-Apr-10,71.5
29-Apr-10,79.93
28-Apr-10,67.75
27-Apr-10,72
26-Apr-10,73.5
23-Apr-10,74
22-Apr-10,73.5
21-Apr-10,78
20-Apr-10,74
19-Apr-10,76.66
16-Apr-10,75.5
15-Apr-10,80.33
14-Apr-10,74.5
13-Apr-10,71
12-Apr-10,71.09
09-Apr-10,68
08-Apr-10,72
07-Apr-10,77
06-Apr-10,81
05-Apr-10,75.5
02-Apr-10,77
01-Apr-10,77
31-Mar-10,81
30-Mar-10,77
29-Mar-10,79
26-Mar-10,79
25-Mar-10,79
24-Mar-10,80.5
23-Mar-10,82.5
22-Mar-10,85.5
19-Mar-10,77.5
18-Mar-10,77
17-Mar-10,81
16-Mar-10,85
15-Mar-10,80
12-Mar-10,80.5
11-Mar-10,82
10-Mar-10,85
09-Mar-10,87
08-Mar-10,81
05-Mar-10,82.25
04-Mar-10,83.5
03-Mar-10,85
02-Mar-10,87.5
01-Mar-10,82.5
26-Feb-10,82.5
25-Feb-10,88
24-Feb-10,81
23-Feb-10,73
22-Feb-10,72.5
19-Feb-10,73
18-Feb-10,72.5
17-Feb-10,73
16-Feb-10,72.5
15-Feb-10,73
12-Feb-10,72.5
11-Feb-10,72.5
10-Feb-10,72
09-Feb-10,79.5
08-Feb-10,73.5
05-Feb-10,73
04-Feb-10,72
03-Feb-10,71
02-Feb-10,71.5
01-Feb-10,71
29-Jan-10,71
28-Jan-10,71
27-Jan-10,74
26-Jan-10,76.5
25-Jan-10,78
22-Jan-10,77
21-Jan-10,77
20-Jan-10,86.5
19-Jan-10,80.5
18-Jan-10,75.5
15-Jan-10,76
14-Jan-10,79
13-Jan-10,81.5
12-Jan-10,83
11-Jan-10,75.5
08-Jan-10,75.75
07-Jan-10,75.5
06-Jan-10,77
05-Jan-10,79.5
04-Jan-10,74.5
01-Jan-10,75
31-Dec-09,72.5
30-Dec-09,73.5
29-Dec-09,77.5
28-Dec-09,82
25-Dec-09,82.5
24-Dec-09,82.5
23-Dec-09,85
22-Dec-09,87.5
21-Dec-09,83
18-Dec-09,83
17-Dec-09,87
16-Dec-09,89.5
15-Dec-09,92.5
14-Dec-09,84.5
11-Dec-09,86
10-Dec-09,89
09-Dec-09,91
08-Dec-09,87.5
07-Dec-09,82
04-Dec-09,81
03-Dec-09,81
02-Dec-09,83
01-Dec-09,85
30-Nov-09,89.64
27-Nov-09,90.5
26-Nov-09,87.81
25-Nov-09,87
24-Nov-09,93
23-Nov-09,77
20-Nov-09,77.5
19-Nov-09,79.5
18-Nov-09,81.5
17-Nov-09,76.5
16-Nov-09,75.4
13-Nov-09,95.35
12-Nov-09,79.69
11-Nov-09,82.33
10-Nov-09,82.61
09-Nov-09,77
06-Nov-09,77.5
05-Nov-09,80.36
04-Nov-09,90
03-Nov-09,77.65
02-Nov-09,80
30-Oct-09,80
29-Oct-09,68.5
28-Oct-09,69.5
27-Oct-09,74.5
26-Oct-09,76.5
23-Oct-09,77.5
22-Oct-09,79.5
21-Oct-09,79.5
20-Oct-09,80.5
19-Oct-09,75.5
16-Oct-09,75.5
15-Oct-09,75.5
14-Oct-09,79.5
13-Oct-09,85
12-Oct-09,81.5
09-Oct-09,82.5
08-Oct-09,82
07-Oct-09,84
06-Oct-09,86.5
05-Oct-09,80.5
02-Oct-09,80.5
01-Oct-09,81
30-Sep-09,82
29-Sep-09,80.5
28-Sep-09,84.5
25-Sep-09,81.5
24-Sep-09,87.5
23-Sep-09,90.5
22-Sep-09,85.5
21-Sep-09,87.5
18-Sep-09,86.5
17-Sep-09,90.5
16-Sep-09,94.5
15-Sep-09,88.5
14-Sep-09,90
11-Sep-09,89.5
10-Sep-09,97
09-Sep-09,100
08-Sep-09,90
07-Sep-09,96.5
04-Sep-09,90
03-Sep-09,96
02-Sep-09,101
01-Sep-09,94
31-Aug-09,98.5
28-Aug-09,91.5
27-Aug-09,96
26-Aug-09,100
25-Aug-09,102
24-Aug-09,97
21-Aug-09,96.5
20-Aug-09,109.5
19-Aug-09,107
18-Aug-09,110.5
17-Aug-09,97.5
14-Aug-09,97
13-Aug-09,96
12-Aug-09,101
11-Aug-09,104
10-Aug-09,97
07-Aug-09,80.5
06-Aug-09,100
05-Aug-09,101
04-Aug-09,104.5
03-Aug-09,96
31-Jul-09,98
30-Jul-09,100
29-Jul-09,105
28-Jul-09,108
27-Jul-09,103
24-Jul-09,103
23-Jul-09,103
22-Jul-09,107
21-Jul-09,111.5
20-Jul-09,104
17-Jul-09,107
16-Jul-09,107.5
15-Jul-09,111
14-Jul-09,117
13-Jul-09,111.5
10-Jul-09,111.5
09-Jul-09,111
08-Jul-09,117
07-Jul-09,119
06-Jul-09,112
03-Jul-09,112
02-Jul-09,112
01-Jul-09,117
30-Jun-09,121.5
29-Jun-09,114
26-Jun-09,112
25-Jun-09,118
24-Jun-09,123.5
23-Jun-09,116
22-Jun-09,117
19-Jun-09,111
18-Jun-09,115
17-Jun-09,121
16-Jun-09,115
15-Jun-09,115
12-Jun-09,114
11-Jun-09,119
10-Jun-09,124
09-Jun-09,115
08-Jun-09,117
05-Jun-09,114
04-Jun-09,116
03-Jun-09,120.5
02-Jun-09,111
01-Jun-09,111.5
29-May-09,112
28-May-09,125.5
27-May-09,120
26-May-09,124
25-May-09,122
22-May-09,119
21-May-09,118
20-May-09,121
19-May-09,125
18-May-09,125
15-May-09,119
14-May-09,119
13-May-09,125.5
12-May-09,128
11-May-09,120
08-May-09,123.5
07-May-09,120
06-May-09,125
05-May-09,128
04-May-09,123.5
01-May-09,126
30-Apr-09,126.5
29-Apr-09,119
28-Apr-09,125
27-Apr-09,124.69
24-Apr-09,122.45
23-Apr-09,132.44
22-Apr-09,132.45
21-Apr-09,123.98
20-Apr-09,124.99
17-Apr-09,121.86
16-Apr-09,125.84
15-Apr-09,129.39
14-Apr-09,120.79
13-Apr-09,123.41
10-Apr-09,123.6
09-Apr-09,123.54
08-Apr-09,129.04
07-Apr-09,122.61
06-Apr-09,121.26
03-Apr-09,120.17
02-Apr-09,124.05
01-Apr-09,136.54
31-Mar-09,132.1
30-Mar-09,136.71
27-Mar-09,138.75
26-Mar-09,140.03
25-Mar-09,145.01
24-Mar-09,150.9
23-Mar-09,143.51
20-Mar-09,151.45
19-Mar-09,147.76
18-Mar-09,153.01
17-Mar-09,161.5
16-Mar-09,152.6
13-Mar-09,160.05
12-Mar-09,165.19
11-Mar-09,177.45
10-Mar-09,184.41
09-Mar-09,180.01
06-Mar-09,174.2
05-Mar-09,166.41
04-Mar-09,164.88
03-Mar-09,171.76
02-Mar-09,162.87
27-Feb-09,161.65
26-Feb-09,147.21
25-Feb-09,147.63
24-Feb-09,146.79
23-Feb-09,147.97
20-Feb-09,150.01
19-Feb-09,157.07
18-Feb-09,156.78
17-Feb-09,157.47
16-Feb-09,155.44
13-Feb-09,153.44
12-Feb-09,155
11-Feb-09,153.14
10-Feb-09,152.27
09-Feb-09,154.87
06-Feb-09,155.81
05-Feb-09,156.75
04-Feb-09,157.42
03-Feb-09,157.87
02-Feb-09,160.41
30-Jan-09,158.89
29-Jan-09,156.67
28-Jan-09,163.7
27-Jan-09,171.25
26-Jan-09,179.39
23-Jan-09,180.37
22-Jan-09,178.77
21-Jan-09,187.19
20-Jan-09,197.57
19-Jan-09,183.29
16-Jan-09,179.7
15-Jan-09,192.1
14-Jan-09,202.2
13-Jan-09,204.35
12-Jan-09,185.68
09-Jan-09,180.97
08-Jan-09,183.34
07-Jan-09,185.82
06-Jan-09,187.6
05-Jan-09,180.59
02-Jan-09,186.61
01-Jan-09,186.91
31-Dec-08,186.37
30-Dec-08,178.63
29-Dec-08,184.24
26-Dec-08,186.58
25-Dec-08,186.87
24-Dec-08,187.36
23-Dec-08,199.54
22-Dec-08,188.95
19-Dec-08,188.06
18-Dec-08,196.39
17-Dec-08,208.79
16-Dec-08,212.39
15-Dec-08,195.38
12-Dec-08,192.48
11-Dec-08,181.53
10-Dec-08,181.32
09-Dec-08,179.75
08-Dec-08,191.5
05-Dec-08,180.48
04-Dec-08,173.36
03-Dec-08,185.32
02-Dec-08,193.72
01-Dec-08,184.84
28-Nov-08,180.2
27-Nov-08,187.06
26-Nov-08,202.95
25-Nov-08,192.79
24-Nov-08,205.5
21-Nov-08,210.94
20-Nov-08,232.3
19-Nov-08,243.5
18-Nov-08,222.84
17-Nov-08,220.46
14-Nov-08,216.87
13-Nov-08,230.28
12-Nov-08,230
11-Nov-08,205.48
10-Nov-08,186.66
07-Nov-08,201.18
06-Nov-08,217.3
05-Nov-08,221.63
04-Nov-08,183.52
03-Nov-08,195
31-Oct-08,188.77
30-Oct-08,188.97
29-Oct-08,175.32
28-Oct-08,192
27-Oct-08,249.01
24-Oct-08,266.29
23-Oct-08,252.5
22-Oct-08,244.5
21-Oct-08,215.29
20-Oct-08,188.99
17-Oct-08,184
16-Oct-08,142.5
15-Oct-08,136.7
14-Oct-08,143.47
13-Oct-08,124.5
10-Oct-08,128.82
09-Oct-08,135.53
08-Oct-08,144.28
07-Oct-08,161.95
06-Oct-08,163.51
03-Oct-08,145.93
02-Oct-08,134.44
01-Oct-08,130.65
30-Sep-08,134.3
29-Sep-08,139.7
26-Sep-08,127.9
25-Sep-08,126.07
24-Sep-08,134.27
23-Sep-08,142.65
22-Sep-08,135.91
19-Sep-08,138.49
18-Sep-08,147.54
17-Sep-08,152.38
16-Sep-08,158.65
15-Sep-08,151.24
12-Sep-08,152.01
11-Sep-08,165
10-Sep-08,166.75
09-Sep-08,149.25
08-Sep-08,148.9
05-Sep-08,150.53
04-Sep-08,153.5
03-Sep-08,157.06
02-Sep-08,159.6
01-Sep-08,148.2
29-Aug-08,147.89
28-Aug-08,148.45
27-Aug-08,154.75
26-Aug-08,162.75
25-Aug-08,162.33
22-Aug-08,152.38
21-Aug-08,151
20-Aug-08,156.25
19-Aug-08,159.65
18-Aug-08,149.7
15-Aug-08,149.5
14-Aug-08,149.97
13-Aug-08,154.4
12-Aug-08,155.54
11-Aug-08,150.05
08-Aug-08,150.05
07-Aug-08,146.72
06-Aug-08,151.65
05-Aug-08,152.38
04-Aug-08,145.5
01-Aug-08,146.6
31-Jul-08,151.1
30-Jul-08,138.65
29-Jul-08,165.6
28-Jul-08,153.55
25-Jul-08,155.88
24-Jul-08,156.12
23-Jul-08,158.7
22-Jul-08,162.45
21-Jul-08,152.05
18-Jul-08,149.65
17-Jul-08,148.17
16-Jul-08,155.43
15-Jul-08,162.96
14-Jul-08,152.51
11-Jul-08,154.59
10-Jul-08,154.26
09-Jul-08,159.56
08-Jul-08,165.03
07-Jul-08,154.78
04-Jul-08,157.34
03-Jul-08,160.51
02-Jul-08,164.76
01-Jul-08,170.84
30-Jun-08,154.63
27-Jun-08,154.54
26-Jun-08,154.41
25-Jun-08,157.95
24-Jun-08,149.46
23-Jun-08,150.07
20-Jun-08,149.56
19-Jun-08,154.53
18-Jun-08,160.4
17-Jun-08,150.2
16-Jun-08,150.89
13-Jun-08,152.42
12-Jun-08,157.92
11-Jun-08,163.65
10-Jun-08,151.89
09-Jun-08,149.56
06-Jun-08,149.18
05-Jun-08,149.58
04-Jun-08,154.16
03-Jun-08,157.51
02-Jun-08,143.04
30-May-08,141
29-May-08,142.57
28-May-08,151.41
27-May-08,155.34
26-May-08,146.76
23-May-08,147.06
22-May-08,147.79
21-May-08,152.78
20-May-08,153.16
19-May-08,143.01
16-May-08,142.78
15-May-08,143.12
14-May-08,149.45
13-May-08,153.23
12-May-08,155.79
09-May-08,146.17
08-May-08,147.01
07-May-08,155.05
06-May-08,155.48
05-May-08,145.6
02-May-08,145.84
01-May-08,148.16
30-Apr-08,149.79
29-Apr-08,141.78
28-Apr-08,140.44
25-Apr-08,141.89
24-Apr-08,152.58
23-Apr-08,158.12
22-Apr-08,159.58
21-Apr-08,145.16
18-Apr-08,146.56
17-Apr-08,156.99
16-Apr-08,158.48
15-Apr-08,143.75
14-Apr-08,142.96
11-Apr-08,141.75
10-Apr-08,144.95
09-Apr-08,149.91
08-Apr-08,139.23
07-Apr-08,138.48
04-Apr-08,141.4
03-Apr-08,147.16
02-Apr-08,149.85
01-Apr-08,140.93
31-Mar-08,145.9
28-Mar-08,142.44
27-Mar-08,143.01
26-Mar-08,150.61
25-Mar-08,151.65
24-Mar-08,141.76
21-Mar-08,142.53
20-Mar-08,140.84
19-Mar-08,144
18-Mar-08,150.96
17-Mar-08,148.04
14-Mar-08,139.25
13-Mar-08,131.21
12-Mar-08,140.66
11-Mar-08,141.03
10-Mar-08,139.41
07-Mar-08,135.91
06-Mar-08,137.39
05-Mar-08,135.92
04-Mar-08,141.06
03-Mar-08,132.45
29-Feb-08,128.81
28-Feb-08,128.34
27-Feb-08,116.17
26-Feb-08,120.48
25-Feb-08,120.57
22-Feb-08,120.98
21-Feb-08,134.37
20-Feb-08,118.47
19-Feb-08,117.5
18-Feb-08,117.34
15-Feb-08,118.05
14-Feb-08,127.52
13-Feb-08,118.97
12-Feb-08,124.2
11-Feb-08,121.01
08-Feb-08,120.62
07-Feb-08,126.74
06-Feb-08,116.67
05-Feb-08,116.3
04-Feb-08,116.57
01-Feb-08,114.12
31-Jan-08,122.4
30-Jan-08,112.76
29-Jan-08,117.27
28-Jan-08,122.08
25-Jan-08,126.6
24-Jan-08,124.22
23-Jan-08,132.23
22-Jan-08,133.13
21-Jan-08,124.81
18-Jan-08,120.94
17-Jan-08,118.14
16-Jan-08,126.69
15-Jan-08,127.02
14-Jan-08,115.06
11-Jan-08,108.79
10-Jan-08,107.74
09-Jan-08,113.11
08-Jan-08,116.71
07-Jan-08,116.02
04-Jan-08,111.6
03-Jan-08,113.54
02-Jan-08,118.28
01-Jan-08,119.7
31-Dec-07,119.47
28-Dec-07,112.22
27-Dec-07,110.25
26-Dec-07,116.88
25-Dec-07,118.18
24-Dec-07,118.2
21-Dec-07,111.45
20-Dec-07,121.05
19-Dec-07,120.45
18-Dec-07,127.74
17-Dec-07,110.78
14-Dec-07,110.55
13-Dec-07,113.56
12-Dec-07,117.83
11-Dec-07,110.83
10-Dec-07,113.53
07-Dec-07,114.63
06-Dec-07,110.44
05-Dec-07,111.02
04-Dec-07,121.38
03-Dec-07,111.64
30-Nov-07,111.41
29-Nov-07,111.75
28-Nov-07,120.04
27-Nov-07,125.5
26-Nov-07,116
23-Nov-07,114.04
22-Nov-07,117.65
21-Nov-07,132.73
20-Nov-07,136.33
19-Nov-07,118.49
16-Nov-07,117.25
15-Nov-07,118.38
14-Nov-07,120.79
13-Nov-07,117.09
12-Nov-07,121.47
09-Nov-07,118.34
08-Nov-07,121.15
07-Nov-07,124.5
06-Nov-07,116.62
05-Nov-07,116.96
02-Nov-07,118.07
01-Nov-07,120.7
31-Oct-07,122.09
30-Oct-07,117.35
29-Oct-07,118.11
26-Oct-07,117.5
25-Oct-07,118.17
24-Oct-07,126.85
23-Oct-07,130.19
22-Oct-07,125.12
19-Oct-07,125.13
18-Oct-07,120.54
17-Oct-07,124.05
16-Oct-07,130.79
15-Oct-07,124.96
12-Oct-07,121.57
11-Oct-07,121.25
10-Oct-07,128.76
09-Oct-07,134.64
08-Oct-07,122.58
05-Oct-07,126.07
04-Oct-07,128.17
03-Oct-07,128.17
02-Oct-07,133.03
01-Oct-07,127.3
28-Sep-07,125.02
27-Sep-07,135.5
26-Sep-07,133.72
25-Sep-07,125.25
24-Sep-07,122.6
21-Sep-07,125.45
20-Sep-07,132.6
19-Sep-07,131.6
18-Sep-07,123.48
17-Sep-07,125.1
14-Sep-07,124.17
13-Sep-07,132.08
12-Sep-07,137.73
11-Sep-07,144.53
10-Sep-07,132.93
07-Sep-07,133.29
06-Sep-07,146.05
05-Sep-07,150.5
04-Sep-07,132.87
03-Sep-07,132.84
31-Aug-07,134.04
30-Aug-07,125.93
29-Aug-07,126.96
28-Aug-07,138.35
27-Aug-07,143.92
24-Aug-07,146.05
23-Aug-07,146.9
22-Aug-07,151.85
21-Aug-07,161.4
20-Aug-07,157.43
17-Aug-07,155.67
16-Aug-07,156.1
15-Aug-07,153.78
14-Aug-07,155.4
13-Aug-07,136.09
10-Aug-07,137.17
09-Aug-07,139.82
08-Aug-07,140.3
07-Aug-07,147.26
06-Aug-07,138.11
03-Aug-07,138.7
02-Aug-07,144.24
01-Aug-07,149.35
31-Jul-07,150.69
30-Jul-07,138.98
27-Jul-07,141.85
26-Jul-07,137.07
25-Jul-07,137.35
24-Jul-07,134.5
23-Jul-07,136.24
20-Jul-07,139.96
19-Jul-07,138.42
18-Jul-07,145.84
17-Jul-07,149.65
16-Jul-07,140.74
13-Jul-07,140.26
12-Jul-07,141.47
11-Jul-07,147.75
10-Jul-07,153.26
09-Jul-07,142.83
06-Jul-07,143.03
05-Jul-07,144.16
04-Jul-07,146.27
03-Jul-07,151.6
02-Jul-07,143.05
29-Jun-07,145.27
28-Jun-07,145.91
27-Jun-07,154.77
26-Jun-07,143.38
25-Jun-07,142.8
22-Jun-07,142.34
21-Jun-07,147.28
20-Jun-07,150.63
19-Jun-07,141.63
18-Jun-07,141.24
15-Jun-07,142.67
14-Jun-07,148.65
13-Jun-07,154.7
12-Jun-07,145.2
11-Jun-07,145.37
08-Jun-07,146.79
07-Jun-07,148.95
06-Jun-07,152.47
05-Jun-07,141.67
04-Jun-07,142.05
01-Jun-07,146.05
31-May-07,145.46
30-May-07,137.49
29-May-07,141.33
28-May-07,146.08
25-May-07,147.14
24-May-07,148.04
23-May-07,149.9
22-May-07,154.63
21-May-07,146.38
18-May-07,148.64
17-May-07,149.04
16-May-07,154.57
15-May-07,159.35
14-May-07,150.49
11-May-07,151.13
10-May-07,152.15
09-May-07,153.6
08-May-07,160.91
07-May-07,151.37
04-May-07,152.6
03-May-07,153.66
02-May-07,158.56
01-May-07,162.76
30-Apr-07,156.41
27-Apr-07,142.79
26-Apr-07,152.41
25-Apr-07,156.37
24-Apr-07,143.59
23-Apr-07,144.01
20-Apr-07,143.25
19-Apr-07,150.16
18-Apr-07,157.2
17-Apr-07,144.12
16-Apr-07,144.18
13-Apr-07,147.24
12-Apr-07,153
11-Apr-07,159.2
10-Apr-07,149.15
09-Apr-07,146.57
06-Apr-07,146.51
05-Apr-07,150.6
04-Apr-07,158.75
03-Apr-07,150.54
02-Apr-07,152.51
30-Mar-07,152.96
29-Mar-07,157.32
28-Mar-07,162.33
27-Mar-07,167.16
26-Mar-07,156.43
23-Mar-07,156.1
22-Mar-07,161.72
21-Mar-07,165.69
20-Mar-07,173.19
19-Mar-07,156.85
16-Mar-07,161.45
15-Mar-07,158.76
14-Mar-07,171.28
13-Mar-07,171.47
12-Mar-07,160.69
09-Mar-07,161.65
08-Mar-07,167.2
07-Mar-07,169.44
06-Mar-07,178.91
05-Mar-07,186.22
02-Mar-07,162.75
01-Mar-07,164.36
28-Feb-07,164.72
27-Feb-07,154.35
26-Feb-07,140.19
23-Feb-07,138.91
22-Feb-07,138.8
21-Feb-07,138.99
20-Feb-07,139.29
19-Feb-07,137.05
16-Feb-07,138.72
15-Feb-07,139.39
14-Feb-07,137.01
13-Feb-07,140.09
12-Feb-07,143.94
09-Feb-07,139.39
08-Feb-07,142.17
07-Feb-07,138.79
06-Feb-07,142.76
05-Feb-07,142.65
02-Feb-07,139.69
01-Feb-07,141.42
31-Jan-07,142.81
30-Jan-07,145.23
29-Jan-07,151.66
26-Jan-07,154.91
25-Jan-07,158.91
24-Jan-07,161.51
23-Jan-07,170.91
22-Jan-07,157.62
19-Jan-07,158.21
18-Jan-07,168.95
17-Jan-07,174.99
16-Jan-07,181.57
15-Jan-07,164.42
12-Jan-07,161.63
11-Jan-07,162.91
10-Jan-07,171.4
09-Jan-07,178.25
08-Jan-07,165.2
05-Jan-07,167.79
04-Jan-07,163.23
03-Jan-07,172.16
02-Jan-07,171.91
01-Jan-07,168.98
29-Dec-06,168.78
28-Dec-06,163.17
27-Dec-06,169.53
26-Dec-06,178.61
25-Dec-06,169.71
22-Dec-06,164.24
21-Dec-06,170
20-Dec-06,170.01
19-Dec-06,174.43
18-Dec-06,164.02
15-Dec-06,162.8
14-Dec-06,167.79
13-Dec-06,173.02
12-Dec-06,185.43
11-Dec-06,163.2
08-Dec-06,166.42
07-Dec-06,167.91
06-Dec-06,175.31
05-Dec-06,184.57
04-Dec-06,166.22
01-Dec-06,168.5
30-Nov-06,182.44
29-Nov-06,157.92
28-Nov-06,164.76
27-Nov-06,163.31
24-Nov-06,164.44
23-Nov-06,182.09
22-Nov-06,172.98
21-Nov-06,162.6
20-Nov-06,165.28
17-Nov-06,162.86
16-Nov-06,164.11
15-Nov-06,171.77
14-Nov-06,161.66
13-Nov-06,161.64
10-Nov-06,160.82
09-Nov-06,165.91
08-Nov-06,172.33
07-Nov-06,159.19
06-Nov-06,160.35
03-Nov-06,163.23
02-Nov-06,168.87
01-Nov-06,163.81
31-Oct-06,161.75
30-Oct-06,161.93
27-Oct-06,170.45
26-Oct-06,168.65
25-Oct-06,176.94
24-Oct-06,177.48
23-Oct-06,176.23
20-Oct-06,176.02
19-Oct-06,169.6
18-Oct-06,175.56
17-Oct-06,183.45
16-Oct-06,171.65
13-Oct-06,174.55
12-Oct-06,176.96
11-Oct-06,185.98
10-Oct-06,181.86
09-Oct-06,179.06
06-Oct-06,178.4
05-Oct-06,179.45
04-Oct-06,182
03-Oct-06,197.17
02-Oct-06,182.4
29-Sep-06,181.52
28-Sep-06,178.47
27-Sep-06,183.6
26-Sep-06,177.07
25-Sep-06,179.1
22-Sep-06,183.18
21-Sep-06,194.68
20-Sep-06,207.54
19-Sep-06,168.69
18-Sep-06,168.4
15-Sep-06,168.26
14-Sep-06,174.7
13-Sep-06,180.2
12-Sep-06,168.79
11-Sep-06,171.33
08-Sep-06,167.24
07-Sep-06,174
06-Sep-06,179.25
05-Sep-06,157.54
04-Sep-06,160.25
01-Sep-06,170.1
31-Aug-06,166.31
30-Aug-06,154.9
29-Aug-06,156.9
28-Aug-06,168.2
25-Aug-06,175.54
24-Aug-06,169.61
23-Aug-06,172.45
22-Aug-06,175.75
21-Aug-06,170.77
18-Aug-06,171.82
17-Aug-06,163.1
16-Aug-06,175.76
15-Aug-06,175.11
14-Aug-06,163.03
11-Aug-06,160.32
10-Aug-06,165.58
09-Aug-06,164.63
08-Aug-06,175.86
07-Aug-06,160.59
04-Aug-06,164.5
03-Aug-06,172.96
02-Aug-06,176.31
01-Aug-06,182.37
31-Jul-06,162.26
28-Jul-06,167.1
27-Jul-06,165.14
26-Jul-06,181.35
25-Jul-06,188.66
24-Jul-06,188.38
21-Jul-06,179.84
20-Jul-06,179.2
19-Jul-06,177.67
18-Jul-06,186.5
17-Jul-06,172.83
14-Jul-06,171.98
13-Jul-06,174.24
12-Jul-06,178.66
11-Jul-06,186.24
10-Jul-06,187.09
07-Jul-06,183.03
06-Jul-06,183.82
05-Jul-06,186.62
04-Jul-06,194.01
03-Jul-06,203.95
30-Jun-06,218.67
29-Jun-06,218.94
28-Jun-06,232.36
27-Jun-06,195.88
26-Jun-06,200.08
23-Jun-06,186.98
22-Jun-06,151
21-Jun-06,154.89
20-Jun-06,139.11
19-Jun-06,141.65
16-Jun-06,140.94
15-Jun-06,150.46
14-Jun-06,155.38
13-Jun-06,135.27
12-Jun-06,131.41
09-Jun-06,131.2
08-Jun-06,143.45
07-Jun-06,139.61
06-Jun-06,125.89
05-Jun-06,125.15
02-Jun-06,115.71
01-Jun-06,115.39
31-May-06,111.65
30-May-06,111.98
29-May-06,117.78
26-May-06,117.63
25-May-06,109.33
24-May-06,113.28
23-May-06,112.76
22-May-06,105.79
19-May-06,103.33
18-May-06,100.51
17-May-06,99.21
16-May-06,104.3
15-May-06,101.18
12-May-06,90.63
11-May-06,86.21
10-May-06,84.9
09-May-06,89.27
08-May-06,80.46
05-May-06,84.3
04-May-06,84.06
03-May-06,94.63
02-May-06,90.56
01-May-06,85.2
28-Apr-06,85.07
27-Apr-06,89.52
26-Apr-06,92.64
25-Apr-06,84.57
24-Apr-06,85.1
21-Apr-06,97.65
20-Apr-06,88.43
19-Apr-06,91.44
18-Apr-06,96.95
17-Apr-06,90.3
14-Apr-06,90.68
13-Apr-06,95.67
12-Apr-06,99.05
11-Apr-06,99.09
10-Apr-06,93.04
07-Apr-06,110.61
06-Apr-06,91.1
05-Apr-06,93.96
04-Apr-06,88.05
03-Apr-06,93.65
31-Mar-06,88.75
30-Mar-06,83.31
29-Mar-06,86.59
28-Mar-06,89.48
27-Mar-06,94.92
24-Mar-06,91.76
23-Mar-06,92.1
22-Mar-06,94.8
21-Mar-06,98.55
20-Mar-06,92.17
17-Mar-06,90.5
16-Mar-06,90.54
15-Mar-06,94.35
14-Mar-06,98.84
13-Mar-06,90.63
10-Mar-06,90.61
09-Mar-06,90.78
08-Mar-06,96.77
07-Mar-06,98.1
06-Mar-06,91.46
03-Mar-06,91.25
02-Mar-06,91.13
01-Mar-06,101.11
28-Feb-06,97.42
27-Feb-06,82.57
24-Feb-06,82.52
23-Feb-06,82.49
22-Feb-06,85.57
21-Feb-06,85.16
20-Feb-06,82.55
17-Feb-06,86.14
16-Feb-06,83.1
15-Feb-06,91.95
14-Feb-06,93.53
13-Feb-06,93.6
10-Feb-06,93.6
09-Feb-06,93.5
08-Feb-06,94.79
07-Feb-06,92.98
06-Feb-06,93.08
03-Feb-06,93.85
02-Feb-06,92.97
01-Feb-06,103.84
31-Jan-06,91.81
30-Jan-06,92.45
27-Jan-06,95.75
26-Jan-06,103.63
25-Jan-06,108
24-Jan-06,111.8
23-Jan-06,104.82
20-Jan-06,106.8
19-Jan-06,105.81
18-Jan-06,113.67
17-Jan-06,113.46
16-Jan-06,106.93
13-Jan-06,109.89
12-Jan-06,110.29
11-Jan-06,107.45
10-Jan-06,113.7
09-Jan-06,110.2
06-Jan-06,109.61
05-Jan-06,109.96
04-Jan-06,113.95
03-Jan-06,119.09
02-Jan-06,112.18
30-Dec-05,111.93
29-Dec-05,116.29
28-Dec-05,115.48
27-Dec-05,120.1
26-Dec-05,106.72
23-Dec-05,112.84
22-Dec-05,116.51
21-Dec-05,115.89
20-Dec-05,119.24
19-Dec-05,112.03
16-Dec-05,112.24
15-Dec-05,113.1
14-Dec-05,116.44
13-Dec-05,119.98
12-Dec-05,90.2
09-Dec-05,128.01
08-Dec-05,108.6
07-Dec-05,110.51
06-Dec-05,113.81
05-Dec-05,107.37
02-Dec-05,107.53
01-Dec-05,110.34
30-Nov-05,113.32
29-Nov-05,105.25
28-Nov-05,103.43
25-Nov-05,103.16
24-Nov-05,111.01
23-Nov-05,111.34
22-Nov-05,108.21
21-Nov-05,107.87
18-Nov-05,111.64
17-Nov-05,110.67
16-Nov-05,114.29
15-Nov-05,107.19
14-Nov-05,110.11
11-Nov-05,112.39
10-Nov-05,112.69
09-Nov-05,119.58
08-Nov-05,110.27
07-Nov-05,110.07
04-Nov-05,111.75
03-Nov-05,111.55
02-Nov-05,111.75
01-Nov-05,112.85
31-Oct-05,114.5
28-Oct-05,111.51
27-Oct-05,115.4
26-Oct-05,119.47
25-Oct-05,124
24-Oct-05,117.6
21-Oct-05,121.56
20-Oct-05,117.32
19-Oct-05,126.85
18-Oct-05,125.08
17-Oct-05,123.76
14-Oct-05,123.6
13-Oct-05,125.5
12-Oct-05,125.35
11-Oct-05,131.38
10-Oct-05,135.34
07-Oct-05,137.57
06-Oct-05,125.36
05-Oct-05,128.98
04-Oct-05,136.41
03-Oct-05,117.69
30-Sep-05,145.83
29-Sep-05,112
28-Sep-05,133.98
27-Sep-05,126.33
26-Sep-05,125.6
23-Sep-05,125.69
22-Sep-05,129.17
21-Sep-05,134.62
20-Sep-05,125.45
19-Sep-05,125.99
16-Sep-05,128.99
15-Sep-05,122.81
14-Sep-05,137.2
13-Sep-05,127.67
12-Sep-05,114
09-Sep-05,126
08-Sep-05,119.03
07-Sep-05,118
06-Sep-05,139.84
05-Sep-05,124.21
02-Sep-05,124.81
01-Sep-05,128.09
31-Aug-05,133.39
30-Aug-05,118.5
29-Aug-05,123
26-Aug-05,123
25-Aug-05,132.29
24-Aug-05,136.59
23-Aug-05,140.76
22-Aug-05,130.84
19-Aug-05,132.63
18-Aug-05,131.77
17-Aug-05,136
16-Aug-05,138.31
15-Aug-05,129.61
12-Aug-05,125.35
11-Aug-05,124
10-Aug-05,126.88
09-Aug-05,131.34
08-Aug-05,122.7
05-Aug-05,121.95
04-Aug-05,125
03-Aug-05,128.89
02-Aug-05,135.97
01-Aug-05,125.26
29-Jul-05,125.74
28-Jul-05,126.16
27-Jul-05,131.46
26-Jul-05,138.64
25-Jul-05,129.46
22-Jul-05,133.74
21-Jul-05,133.76
20-Jul-05,133
19-Jul-05,143.5
18-Jul-05,134.76
15-Jul-05,134.82
14-Jul-05,135.05
13-Jul-05,139.76
12-Jul-05,143.47
11-Jul-05,137.17
08-Jul-05,132.31
07-Jul-05,136.49
06-Jul-05,140.03
05-Jul-05,143.04
04-Jul-05,129.84
01-Jul-05,131.35
30-Jun-05,130.83
29-Jun-05,124.81
28-Jun-05,130.72
27-Jun-05,132.15
24-Jun-05,132.29
23-Jun-05,137.43
22-Jun-05,144.14
21-Jun-05,135.99
20-Jun-05,136.13
17-Jun-05,136.76
16-Jun-05,142.35
15-Jun-05,148.02
14-Jun-05,139.09
13-Jun-05,138.35
10-Jun-05,137.22
09-Jun-05,141.77
08-Jun-05,147.2
07-Jun-05,141.7
06-Jun-05,141.09
03-Jun-05,141.2
02-Jun-05,150.82
01-Jun-05,159.3
31-May-05,145.59
30-May-05,140.99
27-May-05,142.18
26-May-05,151.29
25-May-05,156.07
24-May-05,161.65
23-May-05,148.88
20-May-05,141.5
19-May-05,145.98
18-May-05,135.5
17-May-05,155.56
16-May-05,146.64
13-May-05,145.76
12-May-05,144.28
11-May-05,149.08
10-May-05,154.25
09-May-05,143.76
06-May-05,142.84
05-May-05,141.99
04-May-05,148.62
03-May-05,177
02-May-05,148.72
29-Apr-05,133.96
28-Apr-05,140.28
27-Apr-05,158.75
26-Apr-05,143
25-Apr-05,140.26
22-Apr-05,139.66
21-Apr-05,145.13
20-Apr-05,161.09
19-Apr-05,144.17
18-Apr-05,150.94
15-Apr-05,145.8
14-Apr-05,150.57
13-Apr-05,153.14
12-Apr-05,144.57
11-Apr-05,146.92
08-Apr-05,162.34
07-Apr-05,163.25
06-Apr-05,164.42
05-Apr-05,155.2
04-Apr-05,156.14
01-Apr-05,158.78
31-Mar-05,160.59
30-Mar-05,165.52
29-Mar-05,165.5
28-Mar-05,168.11
25-Mar-05,164.61
24-Mar-05,165.09
23-Mar-05,173.28
22-Mar-05,176.23
21-Mar-05,165.73
18-Mar-05,162.94
17-Mar-05,162.94
16-Mar-05,165.58
15-Mar-05,167.74
14-Mar-05,152.5
11-Mar-05,156.28
10-Mar-05,163.35
09-Mar-05,170.45
08-Mar-05,174.1
07-Mar-05,163.95
04-Mar-05,164.75
03-Mar-05,156.76
02-Mar-05,179.95
01-Mar-05,185.53
28-Feb-05,174.6
25-Feb-05,160.47
24-Feb-05,161.15
23-Feb-05,161.97
22-Feb-05,159.51
21-Feb-05,156.12
18-Feb-05,158.57
17-Feb-05,158.07
16-Feb-05,159.28
15-Feb-05,158.79
14-Feb-05,158.98
11-Feb-05,156.75
10-Feb-05,156.5
09-Feb-05,161.22
08-Feb-05,161.22
07-Feb-05,159.59
04-Feb-05,158.91
03-Feb-05,159.93
02-Feb-05,159
01-Feb-05,165.3
31-Jan-05,162.1
28-Jan-05,160.97
27-Jan-05,177.75
26-Jan-05,183
25-Jan-05,196.66
24-Jan-05,182.5
21-Jan-05,180.25
20-Jan-05,184.59
19-Jan-05,185.75
18-Jan-05,203.28
17-Jan-05,183.11
14-Jan-05,186.15
13-Jan-05,188.04
12-Jan-05,197.14
11-Jan-05,215.8
10-Jan-05,206.49
07-Jan-05,210.44
06-Jan-05,211.31
05-Jan-05,214.13
04-Jan-05,217.83
03-Jan-05,192.6
31-Dec-04,228
30-Dec-04,198.37
29-Dec-04,206.4
28-Dec-04,219.34
27-Dec-04,205.92
24-Dec-04,208.7
23-Dec-04,224.5
22-Dec-04,1.78
21-Dec-04,230.26
20-Dec-04,235.54
17-Dec-04,259.9
16-Dec-04,242.97
15-Dec-04,248.74
14-Dec-04,261.54
13-Dec-04,238.89
10-Dec-04,254.35
09-Dec-04,247.86
08-Dec-04,248.44
07-Dec-04,245.81
06-Dec-04,228.44
03-Dec-04,232.5
02-Dec-04,233.1
01-Dec-04,249.57
30-Nov-04,226.13
29-Nov-04,235.96
26-Nov-04,209.15
25-Nov-04,230.75
24-Nov-04,232.74
23-Nov-04,226.88
22-Nov-04,227.99
19-Nov-04,227.84
18-Nov-04,249.53
17-Nov-04,247
16-Nov-04,250.48
15-Nov-04,243
12-Nov-04,250.49
11-Nov-04,252.22
10-Nov-04,245.62
09-Nov-04,237.89
08-Nov-04,234.98
05-Nov-04,231.67
04-Nov-04,241.1
03-Nov-04,247
02-Nov-04,233.18
01-Nov-04,235.12
29-Oct-04,235.37
28-Oct-04,235.37
27-Oct-04,254
26-Oct-04,260.4
25-Oct-04,243.44
22-Oct-04,243.68
21-Oct-04,244.09
20-Oct-04,254.15
19-Oct-04,254.29
18-Oct-04,238.47
15-Oct-04,243.61
14-Oct-04,262.9
13-Oct-04,198.18
12-Oct-04,270.5
11-Oct-04,262.5
08-Oct-04,278.5
07-Oct-04,259.18
06-Oct-04,266.64
05-Oct-04,274.88
04-Oct-04,262.93
01-Oct-04,278.94
30-Sep-04,261.36
29-Sep-04,236.43
28-Sep-04,247.71
27-Sep-04,251.85
24-Sep-04,251.35
23-Sep-04,260
22-Sep-04,271.58
21-Sep-04,252.45
20-Sep-04,254.66
17-Sep-04,263.02
16-Sep-04,251.33
15-Sep-04,260.17
14-Sep-04,246.67
13-Sep-04,247.37
10-Sep-04,251
09-Sep-04,264.23
08-Sep-04,246.39
07-Sep-04,255
06-Sep-04,256
03-Sep-04,277.16
02-Sep-04,277.57
01-Sep-04,248.5
31-Aug-04,261.26
30-Aug-04,233
27-Aug-04,259
26-Aug-04,271.62
25-Aug-04,280.39
24-Aug-04,258
23-Aug-04,259
20-Aug-04,284.5
19-Aug-04,265.18
18-Aug-04,272.56
17-Aug-04,278.1
16-Aug-04,263.39
13-Aug-04,266.7
12-Aug-04,267.42
11-Aug-04,271.82
10-Aug-04,247
09-Aug-04,257.37
06-Aug-04,259
05-Aug-04,268.08
04-Aug-04,291.27
03-Aug-04,246
02-Aug-04,247
30-Jul-04,254.36
29-Jul-04,264.17
28-Jul-04,272.51
27-Jul-04,258.12
26-Jul-04,256.56
23-Jul-04,246
22-Jul-04,257
21-Jul-04,268
20-Jul-04,262.46
19-Jul-04,252.52
16-Jul-04,252.17
15-Jul-04,254.1
14-Jul-04,252.87
13-Jul-04,264.71
12-Jul-04,249.77
09-Jul-04,247.96
08-Jul-04,248.92
07-Jul-04,270.5
06-Jul-04,243
05-Jul-04,252.25
02-Jul-04,246
01-Jul-04,252.03
30-Jun-04,244
29-Jun-04,245
28-Jun-04,245
25-Jun-04,248.01
24-Jun-04,256.89
23-Jun-04,246
22-Jun-04,245.62
21-Jun-04,256.5
18-Jun-04,260.74
17-Jun-04,270.27
16-Jun-04,276.81
15-Jun-04,258.82
14-Jun-04,247.5
11-Jun-04,257.12
10-Jun-04,267.1
09-Jun-04,278.12
08-Jun-04,243.5
07-Jun-04,249.59
04-Jun-04,263.5
03-Jun-04,276.91
02-Jun-04,282.51
01-Jun-04,251
31-May-04,230.5
28-May-04,249.25
27-May-04,262.5
26-May-04,272
25-May-04,285.17
24-May-04,260.5
21-May-04,264
20-May-04,274.5
19-May-04,255
18-May-04,263.5
17-May-04,262.5
14-May-04,259
13-May-04,276.5
12-May-04,290.5
11-May-04,271.5
10-May-04,266.08
07-May-04,245
06-May-04,246.44
05-May-04,248.5
04-May-04,235
03-May-04,236
30-Apr-04,206.5
29-Apr-04,216
28-Apr-04,223.5
27-Apr-04,222.5
26-Apr-04,243.28
23-Apr-04,225
22-Apr-04,232.5
21-Apr-04,218
20-Apr-04,217.5
19-Apr-04,224.5
16-Apr-04,230.89
15-Apr-04,236.5
14-Apr-04,246.5
13-Apr-04,232.87
12-Apr-04,220
09-Apr-04,224
08-Apr-04,232
07-Apr-04,215
06-Apr-04,214.5
05-Apr-04,214.5
02-Apr-04,215.24
01-Apr-04,228.03
31-Mar-04,238.5
30-Mar-04,225
29-Mar-04,225
26-Mar-04,234.33
25-Mar-04,235.04
24-Mar-04,242.34
23-Mar-04,248.87
22-Mar-04,254.63
19-Mar-04,232.19
18-Mar-04,229.09
17-Mar-04,243.98
16-Mar-04,262.99
15-Mar-04,235.53
12-Mar-04,263.33
11-Mar-04,263.96
10-Mar-04,254.79
09-Mar-04,262.05
08-Mar-04,244.56
05-Mar-04,262.33
04-Mar-04,265.13
03-Mar-04,253.65
02-Mar-04,258.71
01-Mar-04,243.73
27-Feb-04,256.5
26-Feb-04,248.34
25-Feb-04,263.73
24-Feb-04,231.11
23-Feb-04,264.53
20-Feb-04,265.64
19-Feb-04,264.93
18-Feb-04,262.94
17-Feb-04,263.93
16-Feb-04,264.65
13-Feb-04,231.16
12-Feb-04,251.95
11-Feb-04,239.81
10-Feb-04,246.57
09-Feb-04,246.12
06-Feb-04,246.5
05-Feb-04,258.5
30-Jan-04,261.5
29-Jan-04,282.01
28-Jan-04,275.91
27-Jan-04,284.31
26-Jan-04,266.5
23-Jan-04,260
22-Jan-04,272.83
21-Jan-04,281.84
20-Jan-04,290
19-Jan-04,275
16-Jan-04,263
15-Jan-04,277
14-Jan-04,287
13-Jan-04,277.46
12-Jan-04,272.5
09-Jan-04,275
08-Jan-04,278.5
07-Jan-04,287
06-Jan-04,301
05-Jan-04,279
02-Jan-04,305.5
31-Dec-03,316
30-Dec-03,273
29-Dec-03,284
26-Dec-03,289.5
25-Dec-03,285
24-Dec-03,294
23-Dec-03,312.5
22-Dec-03,294
19-Dec-03,294.5
18-Dec-03,302.5
17-Dec-03,313
16-Dec-03,322.5
15-Dec-03,295.5
12-Dec-03,298
11-Dec-03,299.5
10-Dec-03,307
09-Dec-03,296.25
08-Dec-03,296.75
05-Dec-03,299
04-Dec-03,300.81
03-Dec-03,300.06
02-Dec-03,301.29
01-Dec-03,299.86
28-Nov-03,302.01
27-Nov-03,303.67
26-Nov-03,304.42
25-Nov-03,304.42
24-Nov-03,304.42
21-Nov-03,301.5
20-Nov-03,299
19-Nov-03,319.5
18-Nov-03,298
17-Nov-03,295
14-Nov-03,300.5
13-Nov-03,314
12-Nov-03,325
11-Nov-03,307
10-Nov-03,306.5
07-Nov-03,305.5
06-Nov-03,319.5
05-Nov-03,319.5
04-Nov-03,298
03-Nov-03,299
31-Oct-03,303
30-Oct-03,316
28-Oct-03,301.5
27-Oct-03,354.5
24-Oct-03,305
23-Oct-03,282
22-Oct-03,230.82
21-Oct-03,300.5
20-Oct-03,299.35
17-Oct-03,296
16-Oct-03,295.08
15-Oct-03,292.27
14-Oct-03,312
13-Oct-03,318.5
10-Oct-03,334.21
09-Oct-03,334.45
08-Oct-03,332.4
07-Oct-03,330.23
06-Oct-03,267.83
03-Oct-03,317.5
02-Oct-03,338.18
01-Oct-03,334.32
30-Sep-03,333.07
29-Sep-03,335.53
26-Sep-03,330.6
25-Sep-03,332.16
24-Sep-03,285.29
23-Sep-03,326.01
22-Sep-03,312.5
19-Sep-03,318
18-Sep-03,335
17-Sep-03,326.5
16-Sep-03,325.5
15-Sep-03,325.5
12-Sep-03,340
11-Sep-03,362
10-Sep-03,379.5
09-Sep-03,347
08-Sep-03,340.5
05-Sep-03,351.5
04-Sep-03,361
03-Sep-03,374
02-Sep-03,355
01-Sep-03,350.5
29-Aug-03,344
28-Aug-03,381
27-Aug-03,381
26-Aug-03,392
25-Aug-03,356.5
22-Aug-03,370.5
21-Aug-03,370
20-Aug-03,382.5
19-Aug-03,402.5
18-Aug-03,379
15-Aug-03,372.5
14-Aug-03,379.5
13-Aug-03,386.5
12-Aug-03,406
11-Aug-03,383
08-Aug-03,383
07-Aug-03,383
06-Aug-03,395
05-Aug-03,430
04-Aug-03,414
01-Aug-03,429
31-Jul-03,380
29-Jul-03,417.5
28-Jul-03,429.5
25-Jul-03,405.5
24-Jul-03,420.5
23-Jul-03,434.5
22-Jul-03,444
21-Jul-03,416.5
18-Jul-03,422
17-Jul-03,415
16-Jul-03,436
15-Jul-03,478.5
14-Jul-03,452
11-Jul-03,465
10-Jul-03,471
09-Jul-03,489.5
08-Jul-03,497.5
07-Jul-03,461.5
04-Jul-03,455
03-Jul-03,458
02-Jul-03,474
01-Jul-03,487
30-Jun-03,463
27-Jun-03,451
26-Jun-03,470.5
25-Jun-03,440.5
24-Jun-03,442.5
23-Jun-03,463
20-Jun-03,459.5
19-Jun-03,467
18-Jun-03,432
17-Jun-03,456
16-Jun-03,456
13-Jun-03,448
12-Jun-03,472.5
11-Jun-03,437.5
10-Jun-03,458
09-Jun-03,616.5
06-Jun-03,457.5
05-Jun-03,463.39
04-Jun-03,489
03-Jun-03,520
02-Jun-03,473.5
30-May-03,487.5
29-May-03,508.5
28-May-03,509
27-May-03,533
26-May-03,506
23-May-03,505
22-May-03,500
21-May-03,528
20-May-03,535
19-May-03,502.5
16-May-03,502
15-May-03,496.5
14-May-03,512
13-May-03,540
12-May-03,515.5
09-May-03,517.5
08-May-03,522
07-May-03,543.5
06-May-03,547.5
05-May-03,510.5
02-May-03,524.5
01-May-03,529.5
30-Apr-03,549
29-Apr-03,524
28-Apr-03,516.5
25-Apr-03,513.5
24-Apr-03,571.5
23-Apr-03,495
22-Apr-03,512.5
21-Apr-03,536
18-Apr-03,555
17-Apr-03,595.5
16-Apr-03,594.5
15-Apr-03,554
14-Apr-03,568.5
11-Apr-03,584.5
10-Apr-03,610.5
09-Apr-03,621
08-Apr-03,552.5
07-Apr-03,572.5
04-Apr-03,564
03-Apr-03,583.5
02-Apr-03,631.5
01-Apr-03,568.5
31-Mar-03,606.5
28-Mar-03,603
27-Mar-03,627
26-Mar-03,647
25-Mar-03,674.5
24-Mar-03,644
21-Mar-03,634.5
20-Mar-03,647
19-Mar-03,668.5
18-Mar-03,641
17-Mar-03,612
14-Mar-03,607
13-Mar-03,600
12-Mar-03,613
11-Mar-03,583
10-Mar-03,580
07-Mar-03,593
06-Mar-03,591.5
05-Mar-03,604.5
04-Mar-03,637.5
03-Mar-03,599.5
28-Feb-03,578.5
27-Feb-03,510.5
26-Feb-03,516.5
25-Feb-03,530
24-Feb-03,518.5
21-Feb-03,530.5
20-Feb-03,531
19-Feb-03,537.5
18-Feb-03,533.5
17-Feb-03,539
14-Feb-03,535.5
13-Feb-03,535.5
12-Feb-03,535.5
11-Feb-03,535.5
10-Feb-03,526
07-Feb-03,535.5
06-Feb-03,542
05-Feb-03,545
04-Feb-03,536
03-Feb-03,536.5
31-Jan-03,546
30-Jan-03,543
29-Jan-03,634.5
28-Jan-03,590
27-Jan-03,607
24-Jan-03,628
23-Jan-03,610
22-Jan-03,669
21-Jan-03,626
20-Jan-03,608
17-Jan-03,589
16-Jan-03,623
15-Jan-03,647.5
14-Jan-03,665.5
13-Jan-03,686.5
10-Jan-03,627
09-Jan-03,780
08-Jan-03,798.5
07-Jan-03,832.5
06-Jan-03,609.5
03-Jan-03,618.5
02-Jan-03,643.5
31-Dec-02,623
30-Dec-02,616.5
27-Dec-02,605.5
26-Dec-02,628
25-Dec-02,647.5
24-Dec-02,634
23-Dec-02,603
20-Dec-02,597
19-Dec-02,616.5
18-Dec-02,628
17-Dec-02,628.5
16-Dec-02,548.5
13-Dec-02,549.5
12-Dec-02,566.5
11-Dec-02,579.5
10-Dec-02,597.5
09-Dec-02,554.5
06-Dec-02,583.5
05-Dec-02,583.5
04-Dec-02,583.5
03-Dec-02,544
02-Dec-02,538.5
29-Nov-02,559
28-Nov-02,565
27-Nov-02,569
26-Nov-02,545
25-Nov-02,556
22-Nov-02,560
21-Nov-02,542
20-Nov-02,545
19-Nov-02,550.5
18-Nov-02,540
15-Nov-02,561
14-Nov-02,592
13-Nov-02,572
12-Nov-02,576
11-Nov-02,569.5
08-Nov-02,614
07-Nov-02,617
06-Nov-02,642.5
05-Nov-02,674
04-Nov-02,613
01-Nov-02,665.5
31-Oct-02,665.5
30-Oct-02,626
28-Oct-02,681
25-Oct-02,691.5
24-Oct-02,668.5
23-Oct-02,697.5
22-Oct-02,695
21-Oct-02,651.5
18-Oct-02,652
17-Oct-02,653
16-Oct-02,672
15-Oct-02,688
14-Oct-02,646
11-Oct-02,646.5
10-Oct-02,665.5
09-Oct-02,687.5
08-Oct-02,712
07-Oct-02,647.5
04-Oct-02,644
03-Oct-02,640.5
02-Oct-02,667.5
01-Oct-02,705.5
30-Sep-02,653
27-Sep-02,654
26-Sep-02,652
25-Sep-02,670
24-Sep-02,635
23-Sep-02,637
20-Sep-02,640.5
19-Sep-02,654.5
18-Sep-02,637
17-Sep-02,644
16-Sep-02,647
13-Sep-02,639.5
12-Sep-02,683.5
11-Sep-02,701
10-Sep-02,643
09-Sep-02,612.5
06-Sep-02,600.5
05-Sep-02,618
04-Sep-02,640.5
03-Sep-02,600
02-Sep-02,598.5
30-Aug-02,583
29-Aug-02,583
28-Aug-02,643.5
27-Aug-02,630.5
26-Aug-02,628.5
23-Aug-02,627.5
22-Aug-02,628.5
21-Aug-02,649
20-Aug-02,667
19-Aug-02,631
16-Aug-02,631
15-Aug-02,632.5
14-Aug-02,668.5
13-Aug-02,674
12-Aug-02,631
09-Aug-02,634.5
08-Aug-02,640
07-Aug-02,661.5
06-Aug-02,699.5
05-Aug-02,644
02-Aug-02,683
01-Aug-02,743.5
31-Jul-02,764
30-Jul-02,792
29-Jul-02,708.5
26-Jul-02,723.5
25-Jul-02,718.5
24-Jul-02,749.5
23-Jul-02,766
22-Jul-02,708.5
19-Jul-02,708
18-Jul-02,723
17-Jul-02,725.5
16-Jul-02,775
15-Jul-02,725.5
12-Jul-02,705.5
11-Jul-02,719
10-Jul-02,734.5
09-Jul-02,778.5
08-Jul-02,727
05-Jul-02,684.5
04-Jul-02,709
03-Jul-02,662
02-Jul-02,681.5
01-Jul-02,663
28-Jun-02,670.5
27-Jun-02,697.5
26-Jun-02,661.5
25-Jun-02,647
21-Jun-02,659.5
20-Jun-02,617
19-Jun-02,617
18-Jun-02,622.5
17-Jun-02,651
14-Jun-02,635
13-Jun-02,635.5
12-Jun-02,664.5
11-Jun-02,571
10-Jun-02,587.5
07-Jun-02,580.5
06-Jun-02,594.5
05-Jun-02,609.5
04-Jun-02,564.5
03-Jun-02,582.5
31-May-02,559.5
30-May-02,533
29-May-02,528
28-May-02,544.5
27-May-02,555
24-May-02,562.5
23-May-02,562
22-May-02,579
21-May-02,561
20-May-02,569
17-May-02,567.27
16-May-02,558.5
15-May-02,554.5
14-May-02,556.5
13-May-02,553
10-May-02,549.5
09-May-02,548
08-May-02,564
07-May-02,580.5
06-May-02,549.5
03-May-02,544
02-May-02,540.5
01-May-02,561
30-Apr-02,1046
29-Apr-02,533
26-Apr-02,568
25-Apr-02,596
24-Apr-02,588
22-Apr-02,520.5
19-Apr-02,530.5
18-Apr-02,548
17-Apr-02,523
16-Apr-02,526
15-Apr-02,541.5
12-Apr-02,558
11-Apr-02,558
10-Apr-02,578
09-Apr-02,547
08-Apr-02,550
05-Apr-02,553.5
04-Apr-02,577.5
03-Apr-02,598.5
02-Apr-02,569
01-Apr-02,570.5
29-Mar-02,578.5
28-Mar-02,601
27-Mar-02,607
26-Mar-02,640
25-Mar-02,603
22-Mar-02,608
21-Mar-02,607
20-Mar-02,631.5
19-Mar-02,659
18-Mar-02,608
15-Mar-02,617.5
14-Mar-02,626.5
13-Mar-02,615
12-Mar-02,695.5
11-Mar-02,654
08-Mar-02,682.5
07-Mar-02,620.5
06-Mar-02,683.5
05-Mar-02,711
04-Mar-02,665
01-Mar-02,672
28-Feb-02,609.5
27-Feb-02,624.5
26-Feb-02,622.5
21-Feb-02,614.5
20-Feb-02,608
19-Feb-02,625.5
18-Feb-02,605.5
15-Feb-02,612
14-Feb-02,612
13-Feb-02,607
12-Feb-02,619.5
11-Feb-02,624
08-Feb-02,635.5
07-Feb-02,607.5
06-Feb-02,590.5
05-Feb-02,566
04-Feb-02,568.5
01-Feb-02,558.5
31-Jan-02,568
30-Jan-02,705
29-Jan-02,660
28-Jan-02,606.5
25-Jan-02,689.5
24-Jan-02,718
23-Jan-02,711
22-Jan-02,720.5
21-Jan-02,733
18-Jan-02,638.5
17-Jan-02,688.5
16-Jan-02,722
15-Jan-02,682
14-Jan-02,678
11-Jan-02,697.5
10-Jan-02,715
09-Jan-02,749
08-Jan-02,748.5
07-Jan-02,705
04-Jan-02,712
03-Jan-02,718.5
02-Jan-02,753.5
31-Dec-01,795.5
28-Dec-01,741
27-Dec-01,745
26-Dec-01,777.5
25-Dec-01,787.5
24-Dec-01,734.5
21-Dec-01,764
20-Dec-01,789
19-Dec-01,808
14-Dec-01,806.5
13-Dec-01,733.25
12-Dec-01,750
11-Dec-01,778
10-Dec-01,734
07-Dec-01,726
06-Dec-01,736.5
05-Dec-01,763.5
04-Dec-01,808
03-Dec-01,761.5
30-Nov-01,757.5
29-Nov-01,766.5
28-Nov-01,708.5
27-Nov-01,739
26-Nov-01,727
23-Nov-01,726.5
22-Nov-01,771
21-Nov-01,783.5
20-Nov-01,737
19-Nov-01,748
16-Nov-01,774.5
15-Nov-01,824.5
14-Nov-01,863
13-Nov-01,792.5
12-Nov-01,793.5
09-Nov-01,780.19
08-Nov-01,826.55
07-Nov-01,786
06-Nov-01,778.55
05-Nov-01,793.65
02-Nov-01,818.6
01-Nov-01,841.7
31-Oct-01,801.55
30-Oct-01,830.2
25-Oct-01,867.65
24-Oct-01,887.5
23-Oct-01,851.9
22-Oct-01,867.85
19-Oct-01,877.65
18-Oct-01,887.45
17-Oct-01,919
16-Oct-01,868.35
15-Oct-01,847.65
12-Oct-01,868.8
11-Oct-01,886.35
10-Oct-01,954.7
09-Oct-01,885.95
08-Oct-01,898.4
05-Oct-01,877.9
04-Oct-01,874.88
03-Oct-01,881.65
02-Oct-01,826.6
01-Oct-01,811.65
28-Sep-01,850.45
27-Sep-01,858.25
26-Sep-01,785.55
24-Sep-01,788.1
21-Sep-01,838.55
20-Sep-01,856.8
19-Sep-01,829.1
18-Sep-01,822.5
17-Sep-01,847.2
14-Sep-01,780.25
13-Sep-01,794.6
12-Sep-01,718.75
11-Sep-01,703.98
10-Sep-01,706.95
07-Sep-01,721.25
06-Sep-01,738.1
05-Sep-01,623.1
04-Sep-01,629.73
03-Sep-01,747.75
31-Aug-01,682.64
29-Aug-01,742
28-Aug-01,778.5
27-Aug-01,707
24-Aug-01,833.61
23-Aug-01,875.2
22-Aug-01,893.25
21-Aug-01,827.85
20-Aug-01,842.8
17-Aug-01,812.65
16-Aug-01,866.4
15-Aug-01,905.55
14-Aug-01,845.1
13-Aug-01,864.92
10-Aug-01,796.25
09-Aug-01,821.8
08-Aug-01,841.35
07-Aug-01,776.05
06-Aug-01,773.15
03-Aug-01,807.85
02-Aug-01,830.75
01-Aug-01,879.2
31-Jul-01,781.78
30-Jul-01,790.2
27-Jul-01,790.2
26-Jul-01,812.5
25-Jul-01,828.9
24-Jul-01,772.93
23-Jul-01,787.2
19-Jul-01,842.98
18-Jul-01,897.8
10-Jul-01,747.53
09-Jul-01,3744.7
06-Jul-01,693.09
05-Jul-01,706.26
04-Jul-01,741.4
03-Jul-01,711.15
02-Jul-01,689.25
29-Jun-01,753.3
28-Jun-01,759.25
27-Jun-01,700.75
26-Jun-01,701.45
25-Jun-01,718
21-Jun-01,748.2
20-Jun-01,690.65
19-Jun-01,682.45
18-Jun-01,661.3
15-Jun-01,689.9
14-Jun-01,701.55
13-Jun-01,699.75
12-Jun-01,685.55
11-Jun-01,662.75
08-Jun-01,654.65
07-Jun-01,678.8
06-Jun-01,673.25
05-Jun-01,636.3
04-Jun-01,649
01-Jun-01,676
31-May-01,623.2
30-May-01,630.5
29-May-01,608.65
28-May-01,591.05
25-May-01,588.33
24-May-01,612.7
23-May-01,645.9
22-May-01,599.45
21-May-01,602.13
18-May-01,593.6
17-May-01,632.5
16-May-01,695.8
15-May-01,712.15
14-May-01,734.4
11-May-01,734.45
10-May-01,751.4
09-May-01,786.5
08-May-01,735.95
07-May-01,732.75
04-May-01,767.76
03-May-01,788.6
02-May-01,815.09
30-Apr-01,787.85
27-Apr-01,793.4
26-Apr-01,897.4
25-Apr-01,834.7
24-Apr-01,841.55
20-Apr-01,873
19-Apr-01,897.3
18-Apr-01,858.7
17-Apr-01,828
16-Apr-01,797.1
13-Apr-01,882.5
12-Apr-01,960.2
11-Apr-01,918.2
10-Apr-01,904.03
09-Apr-01,879.25
06-Apr-01,868.1
05-Apr-01,907.3
04-Apr-01,889.5
03-Apr-01,884.5
02-Apr-01,748.9
30-Mar-01,812
29-Mar-01,825
28-Mar-01,720.55
27-Mar-01,644.2
26-Mar-01,614.7
23-Mar-01,657.9
22-Mar-01,765.25
21-Mar-01,877
20-Mar-01,805.65
19-Mar-01,888.1
16-Mar-01,845.03
15-Mar-01,776.1
14-Mar-01,827.85
13-Mar-01,915.9
12-Mar-01,732.3
02-Mar-01,763.5
26-Feb-01,736.75
23-Feb-01,2450
22-Feb-01,2407.75
21-Feb-01,380
20-Feb-01,300
19-Feb-01,278.39
16-Feb-01,185.5
15-Feb-01,186
14-Feb-01,193.5
13-Feb-01,241.5
12-Feb-01,220.5
09-Feb-01,215.5
08-Feb-01,212.5
07-Feb-01,213
06-Feb-01,159
05-Feb-01,157.5
02-Feb-01,117.5
01-Feb-01,150.5
31-Jan-01,168.5
30-Jan-01,142.5
29-Jan-01,131
26-Jan-01,125
25-Jan-01,141
24-Jan-01,151
23-Jan-01,164
22-Jan-01,126.5
19-Jan-01,130
18-Jan-01,194.5
15-Jan-01,205
12-Jan-01,170.5
11-Jan-01,171.5
10-Jan-01,173.5
09-Jan-01,203
08-Jan-01,227.75
04-Jan-01,239
03-Jan-01,281.5
02-Jan-01,305
22-Dec-00,305.25
19-Dec-00,305.15
15-Dec-00,362.5
07-Dec-00,338
06-Dec-00,524.95
04-Dec-00,542.75
01-Dec-00,393.5
30-Nov-00,396.9
29-Nov-00,414.75
27-Nov-00,271
24-Nov-00,290
23-Nov-00,262
21-Nov-00,173
20-Nov-00,156
17-Nov-00,146.05
16-Nov-00,150.55
15-Nov-00,167.2
14-Nov-00,139.95
13-Nov-00,120
10-Nov-00,122
09-Nov-00,121
08-Nov-00,115.5
07-Nov-00,120
06-Nov-00,114.5
03-Nov-00,119
02-Nov-00,128.5
01-Nov-00,128
31-Oct-00,127.5
30-Oct-00,126
27-Oct-00,120.5
26-Oct-00,124.5
25-Oct-00,121.5
24-Oct-00,114
23-Oct-00,117.5
20-Oct-00,113.5
19-Oct-00,123.5
18-Oct-00,135
17-Oct-00,119
16-Oct-00,151.35
13-Oct-00,149.75
12-Oct-00,121.5
11-Oct-00,125
10-Oct-00,112
09-Oct-00,150.6
29-Sep-00,150.5
28-Sep-00,155
27-Sep-00,167.5
26-Sep-00,190
25-Sep-00,201
22-Sep-00,197
21-Sep-00,204.5
20-Sep-00,166.5
19-Sep-00,161.5
18-Sep-00,144.5
15-Sep-00,141.6
14-Sep-00,141
13-Sep-00,137.3
12-Sep-00,126.5
11-Sep-00,126.5
08-Sep-00,127.1
07-Sep-00,126.5
05-Sep-00,123.85
04-Sep-00,108
01-Sep-00,128.5
31-Aug-00,141.75
29-Aug-00,128.5
28-Aug-00,131.75
25-Aug-00,113.8
24-Aug-00,103
23-Aug-00,100.5
22-Aug-00,94.5
21-Aug-00,94
18-Aug-00,91
17-Aug-00,98.35
16-Aug-00,90.5
15-Aug-00,93.9
14-Aug-00,85.5
10-Aug-00,78.95
09-Aug-00,89.8
08-Aug-00,85
07-Aug-00,80
04-Aug-00,89.9
03-Aug-00,90
02-Aug-00,110.75
01-Aug-00,92.7
31-Jul-00,97.5
28-Jul-00,92.25
27-Jul-00,94.4
26-Jul-00,95.75
25-Jul-00,97.3
24-Jul-00,94.5
21-Jul-00,98.85
20-Jul-00,100.1
19-Jul-00,94.5
18-Jul-00,94
17-Jul-00,108.25
14-Jul-00,99
13-Jul-00,108.8
12-Jul-00,108.35
11-Jul-00,95
10-Jul-00,106.65
07-Jul-00,103.5
06-Jul-00,120.5
05-Jul-00,110.35
04-Jul-00,119.8
03-Jul-00,119.5
30-Jun-00,141.45
29-Jun-00,137.35
28-Jun-00,131
27-Jun-00,142.1
26-Jun-00,139
23-Jun-00,148.5
22-Jun-00,148
21-Jun-00,138
20-Jun-00,137
19-Jun-00,149.9
16-Jun-00,139
15-Jun-00,149.9
14-Jun-00,137
13-Jun-00,137
12-Jun-00,137
09-Jun-00,146
08-Jun-00,146
07-Jun-00,136.5
06-Jun-00,136.5
05-Jun-00,136.5
02-Jun-00,146
01-Jun-00,147
31-May-00,137
30-May-00,159.8
29-May-00,155.45
26-May-00,146
25-May-00,147
24-May-00,138.5
23-May-00,138.5
22-May-00,138.5
18-May-00,148.5
17-May-00,141.1
16-May-00,140.35
15-May-00,112
12-May-00,119
11-May-00,120
10-May-00,134.4
09-May-00,112
08-May-00,112.5
05-May-00,120
04-May-00,120
03-May-00,112
02-May-00,111.5
01-May-00,130.5
28-Apr-00,133.75
27-Apr-00,128.45
26-Apr-00,128
25-Apr-00,127.45
24-Apr-00,117
21-Apr-00,126
20-Apr-00,126.4
19-Apr-00,126
18-Apr-00,125.75
17-Apr-00,117.75
14-Apr-00,121
13-Apr-00,121
12-Apr-00,117.5
11-Apr-00,122.5
10-Apr-00,126.95
07-Apr-00,127.15
06-Apr-00,125
05-Apr-00,126.3
04-Apr-00,112
03-Apr-00,136.5
31-Mar-00,137.5
30-Mar-00,137
29-Mar-00,129
28-Mar-00,128.5
27-Mar-00,135.5
24-Mar-00,143.5
23-Mar-00,143.5
22-Mar-00,135.5
21-Mar-00,135
20-Mar-00,134.5
17-Mar-00,143.5
16-Mar-00,143.5
15-Mar-00,134.5
14-Mar-00,134.5
13-Mar-00,138.45
10-Mar-00,138.7
09-Mar-00,140.5
08-Mar-00,155.5
07-Mar-00,151
06-Mar-00,162.35
03-Mar-00,150.5
02-Mar-00,163.25
01-Mar-00,168.35
29-Feb-00,168.6
28-Feb-00,168.35
25-Feb-00,162.45
24-Feb-00,147
23-Feb-00,153.2
22-Feb-00,150.5
21-Feb-00,154.25
18-Feb-00,157
17-Feb-00,156.5
16-Feb-00,137
15-Feb-00,124
14-Feb-00,139.25
11-Feb-00,139.75
10-Feb-00,134.6
09-Feb-00,123
08-Feb-00,132
07-Feb-00,132.5
04-Feb-00,119
03-Feb-00,114
02-Feb-00,114.5
01-Feb-00,114
31-Jan-00,124.65
28-Jan-00,119.8
27-Jan-00,117
26-Jan-00,116.5
25-Jan-00,108
24-Jan-00,108
21-Jan-00,108
20-Jan-00,126.5
19-Jan-00,125
18-Jan-00,119.5
17-Jan-00,119.5
14-Jan-00,119
13-Jan-00,122
12-Jan-00,125
11-Jan-00,117.5
06-Jan-00,125.5
05-Jan-00,134.75
04-Jan-00,144
03-Jan-00,172
30-Dec-99,220
29-Dec-99,234
28-Dec-99,219
27-Dec-99,237
24-Dec-99,237
23-Dec-99,243.5
22-Dec-99,251
21-Dec-99,258.55
20-Dec-99,235
17-Dec-99,234.5
16-Dec-99,257.5
15-Dec-99,241
14-Dec-99,235
13-Dec-99,268.2
10-Dec-99,280.25
09-Dec-99,304.5
08-Dec-99,286.2
07-Dec-99,285.65
06-Dec-99,291.5
03-Dec-99,293
02-Dec-99,291.5
01-Dec-99,309.5
30-Nov-99,267.2
29-Nov-99,280
26-Nov-99,296
25-Nov-99,259.5
24-Nov-99,259.5
23-Nov-99,257.5
22-Nov-99,258.65
19-Nov-99,277.5
18-Nov-99,276.5
17-Nov-99,275
16-Nov-99,258
15-Nov-99,258
12-Nov-99,255.05
11-Nov-99,250.85
10-Nov-99,252.45
09-Nov-99,247.9
08-Nov-99,247.9
05-Nov-99,245.35
04-Nov-99,260.5
03-Nov-99,259
02-Nov-99,242
01-Nov-99,242
29-Oct-99,258
28-Oct-99,257.5
27-Oct-99,264
26-Oct-99,247
25-Oct-99,230
22-Oct-99,245
21-Oct-99,250.5
20-Oct-99,258
19-Oct-99,242
18-Oct-99,242
15-Oct-99,243
14-Oct-99,251
13-Oct-99,258.5
12-Oct-99,234.5
11-Oct-99,235.5
08-Oct-99,236.5
07-Oct-99,233.5
06-Oct-99,240.5
05-Oct-99,232.5
04-Oct-99,232.5
01-Oct-99,228
30-Sep-99,227
29-Sep-99,213
28-Sep-99,214
27-Sep-99,214
24-Sep-99,221
23-Sep-99,219.5
22-Sep-99,213
21-Sep-99,212
20-Sep-99,212.5
17-Sep-99,223.5
16-Sep-99,226.5
15-Sep-99,222.25
14-Sep-99,218.45
13-Sep-99,202
10-Sep-99,219.5
09-Sep-99,224.5
08-Sep-99,204
07-Sep-99,200.5
06-Sep-99,200.5
03-Sep-99,206.5
02-Sep-99,211.5
01-Sep-99,217
31-Aug-99,217.35
27-Aug-99,215
26-Aug-99,231.5
25-Aug-99,238.7
24-Aug-99,238.35
23-Aug-99,255.75
20-Aug-99,224.55
19-Aug-99,198.5
18-Aug-99,214.1
17-Aug-99,196.55
16-Aug-99,196.75
13-Aug-99,189.4
12-Aug-99,191.6
11-Aug-99,195.1
10-Aug-99,182.9
09-Aug-99,182.65
06-Aug-99,184.05
05-Aug-99,189
04-Aug-99,195.05
03-Aug-99,178.6
02-Aug-99,170.7
30-Jul-99,175.45
29-Jul-99,205
28-Jul-99,196
27-Jul-99,177.3
26-Jul-99,190
23-Jul-99,185.5
22-Jul-99,175.35
21-Jul-99,196
20-Jul-99,171.43
19-Jul-99,162.3
16-Jul-99,162.3
15-Jul-99,178
14-Jul-99,187.8
13-Jul-99,182.2
12-Jul-99,178.45
09-Jul-99,215
08-Jul-99,184.7
07-Jul-99,192.4
06-Jul-99,180
05-Jul-99,172.25
02-Jul-99,188.35
01-Jul-99,194.05
30-Jun-99,175.05
29-Jun-99,194.95
28-Jun-99,189.3
25-Jun-99,191.3
24-Jun-99,201.2
23-Jun-99,189
22-Jun-99,188.25
21-Jun-99,188
18-Jun-99,189.65
17-Jun-99,181.35
16-Jun-99,184.1
15-Jun-99,171.55
14-Jun-99,204.35
11-Jun-99,188.25
10-Jun-99,197.2
09-Jun-99,185.75
08-Jun-99,185.2
07-Jun-99,178.95
04-Jun-99,179.25
03-Jun-99,195.45
02-Jun-99,181.15
01-Jun-99,190.6
31-May-99,192.95
28-May-99,192.9
27-May-99,198.4
26-May-99,203.6
25-May-99,188.8
24-May-99,205.5
21-May-99,200.55
20-May-99,202.1
18-May-99,188.35
17-May-99,191.55
14-May-99,184.1
13-May-99,190.25
12-May-99,195.6
11-May-99,182.9
10-May-99,182.9
07-May-99,209.95
06-May-99,190.8
05-May-99,199.4
04-May-99,181.3
03-May-99,189.5
30-Apr-99,170.75
29-Apr-99,219
28-Apr-99,215
27-Apr-99,190
26-Apr-99,218
22-Apr-99,22
21-Apr-99,207
20-Apr-99,216
19-Apr-99,206.5
16-Apr-99,215.5
15-Apr-99,214.5
14-Apr-99,207
13-Apr-99,207
12-Apr-99,206
09-Apr-99,209.5
08-Apr-99,215.5
07-Apr-99,202
06-Apr-99,202
05-Apr-99,202
02-Apr-99,210.85
01-Apr-99,210
24-Mar-99,217
23-Mar-99,206.5
22-Mar-99,207
19-Mar-99,202
18-Mar-99,208
17-Mar-99,214.5
16-Mar-99,203.5
15-Mar-99,203.5
12-Mar-99,203.5
11-Mar-99,199.5
10-Mar-99,209.5
09-Mar-99,196.25
08-Mar-99,192.55
05-Mar-99,192.35
04-Mar-99,203.9
03-Mar-99,207.5
02-Mar-99,204.05
01-Mar-99,202.8
26-Feb-99,184.3
25-Feb-99,183.8
24-Feb-99,184
23-Feb-99,183.9
22-Feb-99,183.05
19-Feb-99,179.2
18-Feb-99,180.3
17-Feb-99,180.1
16-Feb-99,180.3
15-Feb-99,182.2
12-Feb-99,182.3
11-Feb-99,175.3
10-Feb-99,174.75
09-Feb-99,169.45
08-Feb-99,169.65
05-Feb-99,171.65
04-Feb-99,171.35
03-Feb-99,170.25
02-Feb-99,207.5
01-Feb-99,172.85
29-Jan-99,196
28-Jan-99,206
27-Jan-99,190.45
26-Jan-99,201.65
25-Jan-99,203.85
22-Jan-99,208.25
15-Jan-99,209.5
14-Jan-99,212.9
13-Jan-99,221.65
12-Jan-99,189.65
11-Jan-99,181.2
08-Jan-99,180.4
07-Jan-99,195.85
06-Jan-99,207.25
05-Jan-99,196.75
04-Jan-99,204.45
31-Dec-98,216.5
30-Dec-98,216
29-Dec-98,219.7
28-Dec-98,215.5
25-Dec-98,226.7
24-Dec-98,226.75
23-Dec-98,229
22-Dec-98,192
21-Dec-98,217.9
18-Dec-98,190.5
17-Dec-98,237.9
16-Dec-98,190
15-Dec-98,201.35
14-Dec-98,200.7
11-Dec-98,200.6
10-Dec-98,203.85
09-Dec-98,213
08-Dec-98,197.55
07-Dec-98,197.5
04-Dec-98,194.65
03-Dec-98,178.25
02-Dec-98,209
01-Dec-98,217.85
30-Nov-98,193.95
27-Nov-98,198.35
26-Nov-98,203.65
25-Nov-98,209.95
24-Nov-98,190.5
23-Nov-98,189.05
20-Nov-98,201.85
19-Nov-98,206.7
18-Nov-98,195.4
17-Nov-98,197.65
16-Nov-98,197.3
13-Nov-98,201
12-Nov-98,210.55
11-Nov-98,184.45
10-Nov-98,167
09-Nov-98,169.55
06-Nov-98,176.3
05-Nov-98,170.4
04-Nov-98,172.25
03-Nov-98,173.95
02-Nov-98,175.7
30-Oct-98,179.25
28-Oct-98,189.65
27-Oct-98,178.1
26-Oct-98,182.95
23-Oct-98,176.3
22-Oct-98,181.2
21-Oct-98,186.85
20-Oct-98,174.85
19-Oct-98,174.35
16-Oct-98,169.15
15-Oct-98,169.3
14-Oct-98,172.2
13-Oct-98,164
12-Oct-98,171.45
09-Oct-98,175.55
08-Oct-98,178.95
07-Oct-98,184.7
06-Oct-98,174.45
05-Oct-98,174.1
02-Oct-98,176.05
01-Oct-98,177.45
30-Sep-98,167.15
29-Sep-98,172.65
28-Sep-98,167.35
25-Sep-98,171.95
24-Sep-98,177.4
23-Sep-98,169
22-Sep-98,168.95
21-Sep-98,166.25
18-Sep-98,172.25
17-Sep-98,133.7
16-Sep-98,163.5
15-Sep-98,165.2
14-Sep-98,165.65
11-Sep-98,176.05
10-Sep-98,180.95
09-Sep-98,163.6
08-Sep-98,159.2
07-Sep-98,158.6
04-Sep-98,175.45
02-Sep-98,185.75
17-Aug-98,135
14-Aug-98,157.9
30-Jul-98,126.6
29-Jul-98,101.25
28-Jul-98,120.7
27-Jul-98,101.55
24-Jul-98,101.35
23-Jul-98,119.9
22-Jul-98,113.9
21-Jul-98,111.2
20-Jul-98,104.05
17-Jul-98,95.75
16-Jul-98,107.35
15-Jul-98,110.9
14-Jul-98,106.3
13-Jul-98,88.2
10-Jul-98,103.9
09-Jul-98,107.05
08-Jul-98,88.22
07-Jul-98,98.6
06-Jul-98,80.45
03-Jul-98,104.25
02-Jul-98,100.5
01-Jul-98,103.35
30-Jun-98,109
29-Jun-98,106.95
26-Jun-98,114.65
25-Jun-98,117.8
24-Jun-98,110.55
23-Jun-98,110.4
22-Jun-98,112.01
19-Jun-98,113.45
18-Jun-98,121.65
17-Jun-98,111.8
16-Jun-98,109.7
15-Jun-98,105.75
12-Jun-98,112.79
11-Jun-98,108.5
10-Jun-98,103.65
09-Jun-98,98.75
08-Jun-98,98.5
05-Jun-98,121.58
04-Jun-98,122.65
03-Jun-98,118.3
02-Jun-98,122.8
01-Jun-98,133.25
29-May-98,140.15
28-May-98,141.7
27-May-98,143.65
26-May-98,138.6
25-May-98,130.85
22-May-98,131.65
21-May-98,131.85
20-May-98,136.3
18-May-98,130.9
15-May-98,136.65
14-May-98,131.55
13-May-98,142.7
12-May-98,136.15
11-May-98,137.55
08-May-98,135.95
07-May-98,141.7
06-May-98,148.3
05-May-98,137.25
04-May-98,135.35
01-May-98,137.55
30-Apr-98,126.4
29-Apr-98,128.55
28-Apr-98,134.45
27-Apr-98,136.25
24-Apr-98,142.25
22-Apr-98,132.9
21-Apr-98,130.4
20-Apr-98,130.75
17-Apr-98,132.85
16-Apr-98,136.7
15-Apr-98,130.6
14-Apr-98,132.8
13-Apr-98,135
03-Apr-98,141.55
02-Apr-98,143.6
01-Apr-98,141.65
31-Mar-98,150.05
30-Mar-98,150
27-Mar-98,147.45
26-Mar-98,153.3
25-Mar-98,157.8
24-Mar-98,148.15
23-Mar-98,154.75
20-Mar-98,145.5
19-Mar-98,151.7
18-Mar-98,156.25
17-Mar-98,140.75
16-Mar-98,147.5
13-Mar-98,146.1
12-Mar-98,145
11-Mar-98,157
10-Mar-98,165.75
09-Mar-98,167.88
06-Mar-98,151.8
05-Mar-98,156.85
04-Mar-98,161.05
03-Mar-98,147.25
02-Mar-98,160
27-Feb-98,139.6
26-Feb-98,140.6
25-Feb-98,140.25
24-Feb-98,141.45
23-Feb-98,148.75
20-Feb-98,163.15
19-Feb-98,149.75
18-Feb-98,144.3
17-Feb-98,136.92
16-Feb-98,151.2
13-Feb-98,143.6
12-Feb-98,140.4
11-Feb-98,149.8
10-Feb-98,139.95
09-Feb-98,138.25
06-Feb-98,132.15
05-Feb-98,120.07
04-Feb-98,145.65
03-Feb-98,137.65
02-Feb-98,119.5
30-Jan-98,138.6
29-Jan-98,138.6
27-Jan-98,132.22
21-Jan-98,131.17
16-Jan-98,131.01
15-Jan-98,130.27
13-Jan-98,130.27
12-Jan-98,131.37
09-Jan-98,131.37
08-Jan-98,139.1
07-Jan-98,131.07
06-Jan-98,131.07
05-Jan-98,131.42
02-Jan-98,131.42
31-Dec-97,131.41
30-Dec-97,131.41
29-Dec-97,151.62
26-Dec-97,151.62
25-Dec-97,151.62
24-Dec-97,151.62
23-Dec-97,140.91
22-Dec-97,140.91
19-Dec-97,142.55
18-Dec-97,147.34
17-Dec-97,147.34
16-Dec-97,147.34
15-Dec-97,144.55
12-Dec-97,139.5
11-Dec-97,144
10-Dec-97,144
09-Dec-97,146
08-Dec-97,141
05-Dec-97,138.9
04-Dec-97,143.35
03-Dec-97,137
02-Dec-97,140.63
01-Dec-97,145.05
28-Nov-97,143.8
27-Nov-97,145.05
26-Nov-97,144
25-Nov-97,143
21-Nov-97,82.87
20-Nov-97,82.87
19-Nov-97,82.87
18-Nov-97,82.87
17-Nov-97,82.87
14-Nov-97,82.87
13-Nov-97,137.25
12-Nov-97,131.9
11-Nov-97,125
10-Nov-97,117.7
07-Nov-97,126.13
06-Nov-97,124.81
05-Nov-97,119.91
04-Nov-97,125.63
03-Nov-97,116.2
31-Oct-97,120.1
30-Oct-97,108.15
29-Oct-97,115.2
28-Oct-97,115.2
27-Oct-97,116.09
24-Oct-97,106.21
23-Oct-97,107.82
22-Oct-97,109.64
21-Oct-97,102.9
20-Oct-97,102.05
17-Oct-97,104.75
16-Oct-97,107.48
15-Oct-97,107.45
14-Oct-97,102.85
13-Oct-97,100.42
10-Oct-97,104.35
09-Oct-97,105.84
08-Oct-97,97.52
07-Oct-97,105.75
06-Oct-97,98.99
03-Oct-97,104.6
02-Oct-97,92.27
01-Oct-97,103.54
30-Sep-97,106.77
29-Sep-97,104.54
26-Sep-97,108
25-Sep-97,101.22
24-Sep-97,103.42
23-Sep-97,101.32
22-Sep-97,101.32
19-Sep-97,104.31
18-Sep-97,101.5
17-Sep-97,106.84
16-Sep-97,102
15-Sep-97,104.75
12-Sep-97,106.9
11-Sep-97,111.75
10-Sep-97,103
09-Sep-97,102
08-Sep-97,102.8
05-Sep-97,105.95
04-Sep-97,104.56
03-Sep-97,104.9
02-Sep-97,104.9
01-Sep-97,109.51
29-Aug-97,110
28-Aug-97,109.25
27-Aug-97,112
26-Aug-97,111.62
25-Aug-97,100.07
22-Aug-97,100.07
21-Aug-97,103.5
20-Aug-97,100.21
19-Aug-97,100.3
18-Aug-97,99.75
15-Aug-97,101.18
14-Aug-97,94.07
13-Aug-97,95.42
12-Aug-97,89.5
11-Aug-97,93.5
08-Aug-97,88.26
07-Aug-97,91.18
06-Aug-97,95.42
05-Aug-97,90.72
04-Aug-97,89.5
01-Aug-97,88.26
31-Jul-97,82.45
30-Jul-97,94
29-Jul-97,90.15
28-Jul-97,88.92
25-Jul-97,85.84
24-Jul-97,92.25
23-Jul-97,92.25
22-Jul-97,92.25
21-Jul-97,86.2
18-Jul-97,89
17-Jul-97,87.2
16-Jul-97,91.3
15-Jul-97,82.12
14-Jul-97,85.15
11-Jul-97,84.25
10-Jul-97,88.35
09-Jul-97,78.05
08-Jul-97,78.19
07-Jul-97,82.07
04-Jul-97,85.5
03-Jul-97,88.3
02-Jul-97,85.5
01-Jul-97,85.5
30-Jun-97,81.67
27-Jun-97,83.5
26-Jun-97,84
25-Jun-97,83.75
24-Jun-97,81.35
23-Jun-97,82.85
20-Jun-97,85.1
19-Jun-97,91.71
18-Jun-97,88.7
17-Jun-97,87.16
16-Jun-97,89.41
13-Jun-97,88.73
12-Jun-97,80.64
11-Jun-97,82.58
10-Jun-97,82.58
09-Jun-97,80.9
06-Jun-97,83.35
05-Jun-97,85.9
04-Jun-97,89.75
03-Jun-97,76.97
02-Jun-97,81.15
30-May-97,81.8
29-May-97,65.71
28-May-97,85.09
27-May-97,81.5
26-May-97,79.11
23-May-97,79.8
22-May-97,73.7
21-May-97,80.1
20-May-97,79.51
19-May-97,80.65
16-May-97,80.65
15-May-97,79.42
14-May-97,80.16
13-May-97,79.47
12-May-97,79.45
09-May-97,76.96
08-May-97,76.83
07-May-97,77.25
06-May-97,77
05-May-97,76.96
02-May-97,82.96
01-May-97,77.18
30-Apr-97,81.89
29-Apr-97,77.6
28-Apr-97,76.45
25-Apr-97,80.7
24-Apr-97,73.81
23-Apr-97,73.15
22-Apr-97,73.15
21-Apr-97,79.95
18-Apr-97,79.95
17-Apr-97,79.95
16-Apr-97,73.1
15-Apr-97,70.86
14-Apr-97,69.82
11-Apr-97,73.25
10-Apr-97,72.69
09-Apr-97,70.55
08-Apr-97,70.55
07-Apr-97,71.67
04-Apr-97,71.45
03-Apr-97,73.75
02-Apr-97,67.8
01-Apr-97,67.76
31-Mar-97,69.77
28-Mar-97,67.55
27-Mar-97,69.75
26-Mar-97,74.35
25-Mar-97,70.49
24-Mar-97,69.39
21-Mar-97,68.78
20-Mar-97,67.9
19-Mar-97,66.71
18-Mar-97,67.3
17-Mar-97,65.8
14-Mar-97,65.82
13-Mar-97,70.06
12-Mar-97,70.4
11-Mar-97,68.47
10-Mar-97,68.37
07-Mar-97,68.55
06-Mar-97,70.85
05-Mar-97,67.82
04-Mar-97,71.23
03-Mar-97,67.6
28-Feb-97,57.84
27-Feb-97,60.36
26-Feb-97,59.28
25-Feb-97,59.42
24-Feb-97,59.38
21-Feb-97,59.45
20-Feb-97,56.43
19-Feb-97,58.57
18-Feb-97,58.9
17-Feb-97,58.88
14-Feb-97,57.81
13-Feb-97,54.65
12-Feb-97,54.61
11-Feb-97,54.27
10-Feb-97,54.27
07-Feb-97,54.27
06-Feb-97,55.7
05-Feb-97,55.5
04-Feb-97,52.61
03-Feb-97,57.04
31-Jan-97,52.85
30-Jan-97,60.9
29-Jan-97,55.63
28-Jan-97,62.45
27-Jan-97,62.24
24-Jan-97,63.04
23-Jan-97,61.93
22-Jan-97,63.89
21-Jan-97,64.6
20-Jan-97,64.41
17-Jan-97,65.16
16-Jan-97,66.62
15-Jan-97,65.43
14-Jan-97,64.37
13-Jan-97,64.18
10-Jan-97,64.85
09-Jan-97,64.46
08-Jan-97,65.18
07-Jan-97,59.97
06-Jan-97,61.89
03-Jan-97,65.19
02-Jan-97,68.15
31-Dec-96,68.7
30-Dec-96,70.55
27-Dec-96,69.35
26-Dec-96,71.22
25-Dec-96,73.3
24-Dec-96,70.95
23-Dec-96,68.91
20-Dec-96,70.32
19-Dec-96,70.09
18-Dec-96,69.88
17-Dec-96,65.34
16-Dec-96,69.46
13-Dec-96,67.34
12-Dec-96,66.04
11-Dec-96,66.72
10-Dec-96,69.58
09-Dec-96,66.96
06-Dec-96,66.44
05-Dec-96,69.29
04-Dec-96,73.1
03-Dec-96,68.45
02-Dec-96,67.85
29-Nov-96,67.82
28-Nov-96,69.4
27-Nov-96,64.9
26-Nov-96,64.35
25-Nov-96,67.55
22-Nov-96,67.8
21-Nov-96,64.4
20-Nov-96,65.2
19-Nov-96,63.55
18-Nov-96,63.5
15-Nov-96,61.25
14-Nov-96,61.92
13-Nov-96,59.24
12-Nov-96,57.76
11-Nov-96,57.7
08-Nov-96,61.3
07-Nov-96,58.56
06-Nov-96,57.2
05-Nov-96,55.95
04-Nov-96,57.84
01-Nov-96,59.15
31-Oct-96,57.61
30-Oct-96,56.85
29-Oct-96,61.1
28-Oct-96,61.1
25-Oct-96,57.28
24-Oct-96,59.14
23-Oct-96,63.05
22-Oct-96,60.84
21-Oct-96,59.1
18-Oct-96,59.07
17-Oct-96,60.6
16-Oct-96,62.55
15-Oct-96,58.35
14-Oct-96,59
11-Oct-96,60.6
10-Oct-96,62.5
09-Oct-96,64.2
08-Oct-96,57.78
07-Oct-96,58.45
04-Oct-96,58.25
03-Oct-96,58.14
02-Oct-96,58.12
01-Oct-96,58.5
30-Sep-96,56.42
27-Sep-96,59.18
26-Sep-96,57.03
25-Sep-96,58
24-Sep-96,57.07
23-Sep-96,55.9
20-Sep-96,58
19-Sep-96,58.15
18-Sep-96,55.4
17-Sep-96,50.05
16-Sep-96,50.05
13-Sep-96,53.35
12-Sep-96,54.95
11-Sep-96,53.79
10-Sep-96,55.33
09-Sep-96,51.49
06-Sep-96,52.4
05-Sep-96,52.76
04-Sep-96,52.73
03-Sep-96,50.75
02-Sep-96,51.35
30-Aug-96,54.85
29-Aug-96,54.85
28-Aug-96,53.33
27-Aug-96,53.86
26-Aug-96,53.77
23-Aug-96,51.65
22-Aug-96,53.3
21-Aug-96,54.95
20-Aug-96,51.65
19-Aug-96,55.4
16-Aug-96,50.05
15-Aug-96,48.99
14-Aug-96,54
13-Aug-96,52.28
12-Aug-96,53.04
09-Aug-96,51.15
08-Aug-96,52.9
07-Aug-96,55.15
06-Aug-96,53.37
05-Aug-96,53.27
02-Aug-96,51.4
01-Aug-96,54.9
31-Jul-96,48.3
30-Jul-96,53.47
29-Jul-96,51.87
26-Jul-96,54.32
25-Jul-96,54.02
24-Jul-96,52.97
23-Jul-96,54.89
22-Jul-96,58.88
19-Jul-96,57.54
18-Jul-96,57.59
17-Jul-96,54.43
16-Jul-96,57.11
15-Jul-96,58.34
12-Jul-96,52.54
11-Jul-96,53.23
10-Jul-96,58.34
09-Jul-96,54.72
08-Jul-96,54.76
05-Jul-96,54.48
04-Jul-96,57.3
03-Jul-96,52.92
02-Jul-96,48.64
01-Jul-96,51.14
28-Jun-96,48.97
27-Jun-96,48.28
26-Jun-96,49.26
25-Jun-96,44.55
24-Jun-96,49.15
21-Jun-96,45.52
20-Jun-96,47.3
19-Jun-96,43.5
18-Jun-96,43.3
17-Jun-96,44.05
14-Jun-96,47
13-Jun-96,47.46
12-Jun-96,42.01
11-Jun-96,45.42
10-Jun-96,46.66
07-Jun-96,47.85
06-Jun-96,49.9
05-Jun-96,46.8
04-Jun-96,50.58
03-Jun-96,48.28
31-May-96,51.18
30-May-96,47
29-May-96,48.4
28-May-96,45.77
27-May-96,47.7
24-May-96,46.51
23-May-96,47.65
22-May-96,49.91
21-May-96,45.24
20-May-96,42.25
17-May-96,42.1
16-May-96,44.32
15-May-96,46.3
14-May-96,46.72
13-May-96,44
10-May-96,44.91
09-May-96,46.05
08-May-96,44.6
07-May-96,42.2
06-May-96,45.85
03-May-96,49.03
02-May-96,49.67
01-May-96,49.73
30-Apr-96,49.52
29-Apr-96,49.52
26-Apr-96,49.67
25-Apr-96,47.82
24-Apr-96,47.1
23-Apr-96,45.2
22-Apr-96,45.2
19-Apr-96,48.8
18-Apr-96,50.68
17-Apr-96,46.23
16-Apr-96,43.65
15-Apr-96,43.58
12-Apr-96,41.87
11-Apr-96,44.75
10-Apr-96,44.2
09-Apr-96,44.92
08-Apr-96,45.57
05-Apr-96,48.95
04-Apr-96,52.42
03-Apr-96,49.66
02-Apr-96,49.34
01-Apr-96,51.67
29-Mar-96,64.81
28-Mar-96,60.45
27-Mar-96,53.87
26-Mar-96,53.05
25-Mar-96,51.17
22-Mar-96,50.98
21-Mar-96,53
20-Mar-96,54.53
19-Mar-96,50.18
18-Mar-96,49.9
15-Mar-96,49.95
14-Mar-96,52.6
13-Mar-96,56.6
12-Mar-96,49.3
11-Mar-96,46.42
08-Mar-96,47.05
07-Mar-96,41.76
06-Mar-96,43.07
05-Mar-96,45.95
04-Mar-96,44.25
01-Mar-96,46.85
29-Feb-96,48.48
28-Feb-96,46.25
27-Feb-96,43.47
26-Feb-96,44.4
23-Feb-96,49.6
22-Feb-96,51.4
21-Feb-96,51.4
20-Feb-96,51.4
19-Feb-96,51.4
16-Feb-96,51.4
15-Feb-96,47.2
14-Feb-96,46.45
13-Feb-96,45.5
12-Feb-96,45.35
09-Feb-96,49.38
08-Feb-96,48.95
07-Feb-96,45.82
06-Feb-96,50.4
05-Feb-96,51.45
02-Feb-96,50.36
01-Feb-96,54.2
31-Jan-96,52.35
30-Jan-96,53.65
29-Jan-96,53.8
26-Jan-96,53.3
25-Jan-96,54.45
24-Jan-96,53.85
23-Jan-96,55.8
22-Jan-96,51.1
19-Jan-96,52.1
18-Jan-96,53.85
17-Jan-96,59.4
16-Jan-96,56.77
15-Jan-96,48.7
12-Jan-96,52.95
11-Jan-96,56.61
10-Jan-96,60.15
09-Jan-96,66.7
08-Jan-96,55
05-Jan-96,57.9
04-Jan-96,59.19
25-Dec-95,55.28
22-Dec-95,53.08
21-Dec-95,56.15
20-Dec-95,54.5
19-Dec-95,49.98
18-Dec-95,48.48
15-Dec-95,50.2
14-Dec-95,50.36
13-Dec-95,50.6
12-Dec-95,45.95
11-Dec-95,46.7
08-Dec-95,45.17
07-Dec-95,45.96
06-Dec-95,46.61
05-Dec-95,42.23
04-Dec-95,43.38
01-Dec-95,44.04
30-Nov-95,37.99
29-Nov-95,39.6
28-Nov-95,40.57
27-Nov-95,41.66
24-Nov-95,39.42
23-Nov-95,40.43
22-Nov-95,34.19
21-Nov-95,34.08
20-Nov-95,34.07
17-Nov-95,34.44
16-Nov-95,30.91
15-Nov-95,33.31
14-Nov-95,32.75
13-Nov-95,32.53
10-Nov-95,33.95
09-Nov-95,33.33
08-Nov-95,33.21
07-Nov-95,33.27
06-Nov-95,32.33
03-Nov-95,35.26
02-Nov-95,38.2
01-Nov-95,36.03
31-Oct-95,32.93
30-Oct-95,33.03
27-Oct-95,32.73
26-Oct-95,34.31
25-Oct-95,34.81
24-Oct-95,30.02
23-Oct-95,33.59
20-Oct-95,33.1
19-Oct-95,33.99
18-Oct-95,32.97
17-Oct-95,32.89
16-Oct-95,34.45
13-Oct-95,29.45
12-Oct-95,30.7
11-Oct-95,31.55
10-Oct-95,29.58
09-Oct-95,27.32
06-Oct-95,28.98
05-Oct-95,27.73
04-Oct-95,33.15
03-Oct-95,32.9
02-Oct-95,31.43
29-Sep-95,29.66
28-Sep-95,30.07
27-Sep-95,28.17
26-Sep-95,27.9
25-Sep-95,27.37
22-Sep-95,26.34
21-Sep-95,26.69
20-Sep-95,28.15
19-Sep-95,27.75
18-Sep-95,27.84
15-Sep-95,28.28
14-Sep-95,34.4
13-Sep-95,31.27
12-Sep-95,34.18
11-Sep-95,30.6
08-Sep-95,33.53
07-Sep-95,32.1
06-Sep-95,28.36
05-Sep-95,25.4
04-Sep-95,24.6
01-Sep-95,22.55
31-Aug-95,20.81
30-Aug-95,24.14
29-Aug-95,24.14
28-Aug-95,23.72
25-Aug-95,22.9
24-Aug-95,23.62
23-Aug-95,23.6
22-Aug-95,23.63
21-Aug-95,20.65
18-Aug-95,22.33
17-Aug-95,20.63
16-Aug-95,20.56
15-Aug-95,19.55
14-Aug-95,21.4
11-Aug-95,21.27
10-Aug-95,21.17
09-Aug-95,21.28
08-Aug-95,20.3
07-Aug-95,20.65
04-Aug-95,21.63
03-Aug-95,22.29
02-Aug-95,18.57
01-Aug-95,20.89
31-Jul-95,21.14
28-Jul-95,20.68
27-Jul-95,21.01
26-Jul-95,15.45
25-Jul-95,20.38
24-Jul-95,20.97
21-Jul-95,20.84
20-Jul-95,19.68
19-Jul-95,21.02
18-Jul-95,20.93
13-Jul-95,21.74
12-Jul-95,21.3
11-Jul-95,17.91
